name,scientific_name,volatility_class,odor_family,odor_descriptors,role,main_components,origin_country,extraction_method,objective_description,subjective_description,sensory_notes,source_info,comparison_notes,preference_moon,preference_score,industry_usage,data_source,pubchem_cid,cas_number,molecular_formula,molecular_weight,iupac_name,smiles,logp,boiling_point,vapor_pressure,academic_count,top_citation_count,latest_paper_year,ifra_status,amendment_version,category_1_pct,category_2_pct,category_3_pct,category_4_pct,category_5a_pct,category_5b_pct,category_5c_pct,category_5d_pct,category_6_pct,category_7a_pct,category_7b_pct,category_8_pct,category_9_pct,category_10a_pct,category_10b_pct,category_11a_pct,category_11b_pct,category_12_pct
(Ethoxymethoxy)-cyclododecane,N/A,N/A,N/A,N/A,N/A,N/A,N/A,N/A,N/A,N/A,N/A,N/A,N/A,N/A,,N/A,N/A,94111.0,58567-11-6,C15H30O2,242.4,ethoxymethoxycyclododecane,,5.5,,,0.0,0.0,,Restricted,51st (2023),0.27,0.08,1.6,1.5,0.38,0.38,0.38,0.13,0.49,3.1,3.1,0.13,2.9,11.0,11.0,0.13,0.13,0.0
"1,2,3,4-Tetrahydro-4-methylquinoline",N/A,N/A,N/A,N/A,N/A,N/A,N/A,N/A,N/A,N/A,N/A,N/A,N/A,N/A,,N/A,N/A,86854.0,242-977-8,C10H13N,147.22,"4-methyl-1,2,3,4-tetrahydroquinoline",,2.6,,,0.0,0.0,,No Restriction,51st (2023),0.0,0.0,0.0,0.0,0.0,0.0,0.0,0.0,0.0,0.0,0.0,0.0,0.0,0.0,0.0,0.0,0.0,0.0
"1-(1,2,3,4,5,6,7,8 Octahydro-2,3,8,8-tetramethyl-2-naphthalenyl) ethanone (OTNE)",N/A,N/A,N/A,N/A,N/A,N/A,N/A,N/A,N/A,N/A,N/A,N/A,N/A,N/A,,N/A,N/A,108242.0,54464-57-2,C16H26O,234.38,"1-(2,3,8,8-tetramethyl-1,3,4,5,6,7-hexahydronaphthalen-2-yl)ethanone",,3.6,,,0.0,0.0,,Restricted,51st (2023),0.41,1.1,0.41,20.0,5.1,0.56,0.76,0.19,0.0093,0.67,0.67,0.19,2.4,2.4,6.6,0.19,0.19,0.0
"1-(2,2,6-Trimethylcyclohexyl)-3-hexanol",N/A,N/A,N/A,N/A,N/A,N/A,N/A,N/A,N/A,N/A,N/A,N/A,N/A,N/A,,N/A,N/A,116699.0,70788-30-6,C15H30O,226.4,"1-(2,2,6-trimethylcyclohexyl)hexan-3-ol",,5.2,,,0.0,0.0,,Restricted,51st (2023),0.17,0.071,0.51,1.3,0.34,0.34,0.34,0.11,0.17,0.51,0.51,0.11,2.6,0.68,4.7,0.11,0.11,0.0
"1-(2,2,6-Trimethylcyclohexyl)-3-pentanol",N/A,N/A,N/A,N/A,N/A,N/A,N/A,N/A,N/A,N/A,N/A,N/A,N/A,N/A,,N/A,N/A,108424.0,262-115-4,C14H28O,212.37,"1-(2,2,6-trimethylcyclohexyl)pentan-3-ol",,4.9,,,0.0,0.0,,Restricted,51st (2023),0.096,0.071,1.4,1.3,0.34,0.34,0.096,0.032,0.096,2.7,2.7,0.032,2.6,3.4,9.3,0.032,0.032,0.0
"1-(2,4,4,5,5-Pentamethyl-1-cyclopenten-1-yl)ethan-1-one",N/A,N/A,N/A,N/A,N/A,N/A,N/A,N/A,N/A,N/A,N/A,N/A,N/A,N/A,,N/A,N/A,83177.0,236-080-0,C12H20O,180.29,"1-(2,4,4,5,5-pentamethylcyclopenten-1-yl)ethanone",,2.8,,,0.0,0.0,,Restricted,51st (2023),0.077,0.023,0.46,0.43,0.11,0.11,0.11,0.11,0.25,0.88,0.88,0.045,0.84,3.0,3.0,1.7,1.7,0.0
1-(2-tert.-Butyl cyclohexyloxy)-2-butanol,N/A,N/A,N/A,N/A,N/A,N/A,N/A,N/A,N/A,N/A,N/A,N/A,N/A,N/A,,N/A,N/A,164422.0,412-300-2,C14H28O2,228.37,1-(2-tert-butylcyclohexyl)oxybutan-2-ol,,3.8,,,0.0,0.0,,Restricted,51st (2023),0.24,0.071,1.4,1.3,0.34,0.34,0.34,0.11,0.75,2.7,2.7,0.11,2.6,4.5,9.3,0.11,0.11,0.0
"1-(5,5-Dimethyl-1-cyclohexen-1-yl)pent-4-en-1-one",N/A,N/A,N/A,N/A,N/A,N/A,N/A,N/A,N/A,N/A,N/A,N/A,N/A,N/A,,N/A,N/A,92606.0,56973-85-4,C13H20O,192.3,"1-(5,5-dimethylcyclohexen-1-yl)pent-4-en-1-one",,3.6,,,0.0,0.0,,Restricted,51st (2023),0.19,0.057,0.18,1.1,0.27,0.27,0.27,0.091,0.54,0.54,0.54,0.091,1.4,1.4,3.4,0.091,0.091,0.0
1-Octen-3-yl acetate,N/A,N/A,N/A,N/A,N/A,N/A,N/A,N/A,N/A,N/A,N/A,N/A,N/A,N/A,,N/A,N/A,17121.0,2442-10-6,C10H18O2,170.25,oct-1-en-3-yl acetate,,3.1,,,0.0,0.0,,Restricted,51st (2023),0.27,0.08,1.6,1.5,0.38,0.38,0.38,0.38,0.88,3.1,3.1,0.16,2.9,11.0,11.0,5.8,5.8,0.0
"2,2-Dichloro-1-methylcyclopropylbenzene",N/A,N/A,N/A,N/A,N/A,N/A,N/A,N/A,N/A,N/A,N/A,N/A,N/A,N/A,,N/A,N/A,107129.0,3591-42-2,C10H10Cl2,201.09,"(2,2-dichloro-1-methylcyclopropyl)benzene",,3.8,,,0.0,0.0,,Prohibited,51st (2023),0.0,0.0,0.0,0.0,0.0,0.0,0.0,0.0,0.0,0.0,0.0,0.0,0.0,0.0,0.0,0.0,0.0,0.0
"2,2-Dimethyl-3-(3-tolyl)propan-1-ol",N/A,N/A,N/A,N/A,N/A,N/A,N/A,N/A,N/A,N/A,N/A,N/A,N/A,N/A,,N/A,N/A,175948.0,103694-68-4,C12H18O,178.27,"2,2-dimethyl-3-(3-methylphenyl)propan-1-ol",,3.1,,,0.0,0.0,,Restricted,51st (2023),0.034,0.2,0.025,1.7,0.43,0.061,0.039,0.013,0.0025,0.052,0.052,0.013,0.14,0.14,0.3,0.013,0.013,8.6
"2,4,4,7-Tetramethyl-6-octen-3-one",N/A,N/A,N/A,N/A,N/A,N/A,N/A,N/A,N/A,N/A,N/A,N/A,N/A,N/A,,N/A,N/A,9815427.0,74338-72-0,C12H22O,182.3,"2,4,4,7-tetramethyloct-6-en-3-one",,3.8,,,0.0,0.0,,Restricted,51st (2023),0.34,0.1,2.0,1.9,0.48,0.48,0.48,0.16,0.45,3.9,3.9,0.16,3.7,10.0,13.0,0.16,0.16,0.0
"2,4-Dienals",N/A,N/A,N/A,N/A,N/A,N/A,N/A,N/A,N/A,N/A,N/A,N/A,N/A,N/A,,N/A,N/A,5986428.0,764-40-9,C5H6O,82.1,"(2E)-penta-2,4-dienal",,1.0,,,0.0,0.0,,Prohibited,51st (2023),0.0,0.0,0.0,0.0,0.0,0.0,0.0,0.0,0.0,0.0,0.0,0.0,0.0,0.0,0.0,0.0,0.0,0.0
"2,4-Dihydroxy-3-methylbenzaldehyde",N/A,N/A,N/A,N/A,N/A,N/A,N/A,N/A,N/A,N/A,N/A,N/A,N/A,N/A,,N/A,N/A,80395.0,228-369-5,C8H8O3,152.15,"2,4-dihydroxy-3-methylbenzaldehyde",,1.6,,,0.0,0.0,,Prohibited,51st (2023),0.0,0.0,0.0,0.0,0.0,0.0,0.0,0.0,0.0,0.0,0.0,0.0,0.0,0.0,0.0,0.0,0.0,0.0
"2,4-Dodecadien-1-ol, (2E, 4E)",N/A,N/A,N/A,N/A,N/A,N/A,N/A,N/A,N/A,N/A,N/A,N/A,N/A,N/A,,N/A,N/A,6436491.0,18485-38-6,C12H22O,182.3,"(2E,4E)-dodeca-2,4-dien-1-ol",,4.2,,,0.0,0.0,,Prohibited,51st (2023),0.0,0.0,0.0,0.0,0.0,0.0,0.0,0.0,0.0,0.0,0.0,0.0,0.0,0.0,0.0,0.0,0.0,0.0
"2,4-Hexadien-1-ol",N/A,N/A,N/A,N/A,N/A,N/A,N/A,N/A,N/A,N/A,N/A,N/A,N/A,N/A,,N/A,N/A,8104.0,111-28-4,C6H10O,98.14,"hexa-2,4-dien-1-ol",,1.1,,,0.0,0.0,,Prohibited,51st (2023),0.0,0.0,0.0,0.0,0.0,0.0,0.0,0.0,0.0,0.0,0.0,0.0,0.0,0.0,0.0,0.0,0.0,0.0
"2,5-Octadien-4-one, 5,6,7-trimethyl-, (2E)-",N/A,N/A,N/A,N/A,N/A,N/A,N/A,N/A,N/A,N/A,N/A,N/A,N/A,N/A,,N/A,N/A,71447274.0,1093229-44-7,C11H18O,166.26,"5,6,7-trimethylocta-2,5-dien-4-one",,3.4,,,0.0,0.0,,Restricted,51st (2023),0.019,0.0057,0.12,0.11,0.027,0.027,0.027,0.027,0.063,0.22,0.22,0.011,0.21,0.75,0.75,0.42,0.42,0.0
"2,6,10-Trimethylundeca-5,9-dien-1-ol",N/A,N/A,N/A,N/A,N/A,N/A,N/A,N/A,N/A,N/A,N/A,N/A,N/A,N/A,,N/A,N/A,91116.0,246-000-6,C14H26O,210.36,"2,6,10-trimethylundeca-5,9-dien-1-ol",,4.5,,,0.0,0.0,,Restricted,51st (2023),0.21,0.062,1.2,1.2,0.29,0.29,0.29,0.29,0.68,2.4,2.4,0.12,2.3,8.1,8.1,4.5,4.5,0.0
"2,6,6-Trimethylcyclohex-1,3-dienyl methanal",N/A,N/A,N/A,N/A,N/A,N/A,N/A,N/A,N/A,N/A,N/A,N/A,N/A,N/A,,N/A,N/A,61041.0,116-26-7,C10H14O,150.22,"2,6,6-trimethylcyclohexa-1,3-diene-1-carbaldehyde",,2.1,,,0.0,0.0,,Restricted,51st (2023),0.0022,0.00066,0.013,0.012,0.0032,0.0032,0.0032,0.0032,0.0073,0.025,0.025,0.0013,0.024,0.087,0.087,0.048,0.048,0.0
2-Cyclohexylidene-2-ortho-tolylacetonitrile,N/A,N/A,N/A,N/A,N/A,N/A,N/A,N/A,N/A,N/A,N/A,N/A,N/A,N/A,,N/A,N/A,67367311.0,916887-53-1,C15H17N,211.3,2-cyclohexylidene-2-(2-methylphenyl)acetonitrile,,4.0,,,0.0,0.0,,Restricted,51st (2023),0.066,0.027,0.33,0.52,0.13,0.13,0.13,0.043,0.066,0.99,0.99,0.043,1.0,0.066,3.6,0.043,0.043,66.0
2-Ethoxy-4-methylphenol,N/A,N/A,N/A,N/A,N/A,N/A,N/A,N/A,N/A,N/A,N/A,N/A,N/A,N/A,,N/A,N/A,75715.0,2563-07-7,C9H12O2,152.19,2-ethoxy-4-methylphenol,,2.3,,,0.0,0.0,,Restricted,51st (2023),0.0087,0.0053,0.017,0.099,0.025,0.017,0.025,0.0058,0.0087,0.044,0.044,0.0058,0.052,0.052,0.052,0.0058,0.0058,4.2
2-Heptylidene cyclopentan-1-one,N/A,N/A,N/A,N/A,N/A,N/A,N/A,N/A,N/A,N/A,N/A,N/A,N/A,N/A,,N/A,N/A,6441035.0,39189-74-7,C12H20O,180.29,(2E)-2-heptylidenecyclopentan-1-one,,3.8,,,0.0,0.0,,Restricted,51st (2023),0.077,0.023,0.46,0.43,0.11,0.11,0.11,0.11,0.25,0.88,0.88,0.045,0.84,3.0,3.0,1.7,1.7,0.0
2-Hexenal,N/A,N/A,N/A,N/A,N/A,N/A,N/A,N/A,N/A,N/A,N/A,N/A,N/A,N/A,,N/A,N/A,5281168.0,6728-26-3,C6H10O,98.14,(E)-hex-2-enal,,1.5,,,0.0,0.0,,Restricted,51st (2023),0.0014,0.00041,0.0083,0.0077,0.0,0.0,0.0,0.00067,0.0045,0.016,0.016,0.00067,0.015,0.054,0.054,0.00067,0.00067,0.0
2-Hexylidenecyclohexan-1-one,N/A,N/A,N/A,N/A,N/A,N/A,N/A,N/A,N/A,N/A,N/A,N/A,N/A,N/A,,N/A,N/A,86002.0,16429-07-5,C12H20O,180.29,2-hexylidenecyclohexan-1-one,,3.8,,,0.0,0.0,,Restricted,51st (2023),0.023,0.0069,0.14,0.13,0.033,0.033,0.033,0.033,0.076,0.26,0.26,0.014,0.25,0.9,0.9,0.5,0.5,0.0
2-Methoxy-4-methylphenol,N/A,N/A,N/A,N/A,N/A,N/A,N/A,N/A,N/A,N/A,N/A,N/A,N/A,N/A,,N/A,N/A,7144.0,93-51-6,C8H10O2,138.16,2-methoxy-4-methylphenol,,1.3,,,0.0,0.0,,Restricted,51st (2023),0.0085,0.0025,0.051,0.047,0.012,0.012,0.012,0.012,0.028,0.096,0.096,0.005,0.092,0.33,0.33,0.18,0.18,0.0
2-Methoxy-4-propylphenol,N/A,N/A,N/A,N/A,N/A,N/A,N/A,N/A,N/A,N/A,N/A,N/A,N/A,N/A,,N/A,N/A,17739.0,2785-87-7,C10H14O2,166.22,2-methoxy-4-propylphenol,,2.2,,,0.0,0.0,,Restricted,51st (2023),0.13,0.039,0.78,0.73,0.19,0.19,0.19,0.062,0.43,1.5,1.5,0.062,1.4,1.4,5.1,0.062,0.062,0.0
2-Methyl-2-pentenal,N/A,N/A,N/A,N/A,N/A,N/A,N/A,N/A,N/A,N/A,N/A,N/A,N/A,N/A,,N/A,N/A,12177.0,210-789-5,C6H10O,98.14,2-methylpent-2-enal,,1.4,,,0.0,0.0,,Restricted,51st (2023),0.0014,0.00041,0.0083,0.0077,0.002,0.002,0.002,0.00067,0.0045,0.016,0.016,0.00067,0.015,0.054,0.054,0.00067,0.00067,0.0
2-Nonyn-1-al dimethyl acetal,N/A,N/A,N/A,N/A,N/A,N/A,N/A,N/A,N/A,N/A,N/A,N/A,N/A,N/A,,N/A,N/A,25812.0,236-249-9,C11H20O2,184.27,"1,1-dimethoxynon-2-yne",,3.3,,,0.0,0.0,,Restricted,51st (2023),1.8,0.53,11.0,9.9,2.5,2.5,2.5,2.5,5.8,20.0,20.0,1.0,19.0,69.0,69.0,38.0,38.0,0.0
2-Octen-4-one,N/A,N/A,N/A,N/A,N/A,N/A,N/A,N/A,N/A,N/A,N/A,N/A,N/A,N/A,,N/A,N/A,5365891.0,22286-99-3,C8H14O,126.2,(E)-oct-2-en-4-one,,2.1,,,0.0,0.0,,Restricted,51st (2023),0.0085,0.0025,0.051,0.047,0.012,0.012,0.012,0.012,0.028,0.096,0.096,0.005,0.092,0.33,0.33,0.18,0.18,0.0
2-Pentylidene cyclohexanone,N/A,N/A,N/A,N/A,N/A,N/A,N/A,N/A,N/A,N/A,N/A,N/A,N/A,N/A,,N/A,N/A,117600.0,25677-40-1,C11H18O,166.26,2-pentylidenecyclohexan-1-one,,3.3,,,0.0,0.0,,Prohibited,51st (2023),0.0,0.0,0.0,0.0,0.0,0.0,0.0,0.0,0.0,0.0,0.0,0.0,0.0,0.0,0.0,0.0,0.0,0.0
2-Phenylpropionaldehyde,N/A,N/A,N/A,N/A,N/A,N/A,N/A,N/A,N/A,N/A,N/A,N/A,N/A,N/A,,N/A,N/A,7146.0,93-53-8,C9H10O,134.17,2-phenylpropanal,,1.9,,,0.0,0.0,,Restricted,51st (2023),0.029,0.0087,0.096,0.16,0.041,0.041,0.041,0.014,0.096,0.19,0.19,0.014,0.32,0.32,0.77,0.014,0.014,31.0
3 and 4-(4-Hydroxy-4-methylpentyl)-3-cyclohexene-1-carboxaldehyde (HMPCC),N/A,N/A,N/A,N/A,N/A,N/A,N/A,N/A,N/A,N/A,N/A,N/A,N/A,N/A,,N/A,N/A,91604.0,31906-04-4,C13H22O2,210.31,4-(4-hydroxy-4-methylpentyl)cyclohex-3-ene-1-carbaldehyde,,1.7,,,0.0,0.0,,Restricted,51st (2023),0.02,0.02,0.1,0.2,0.2,0.2,0.2,0.067,0.2,0.02,0.02,0.067,0.2,0.2,0.2,0.067,0.067,91.0
"3,3-Dimethyl-5-(2,2,3-trimethyl-3-cyclopenten-1-yl)-4-penten-2-ol",N/A,N/A,N/A,N/A,N/A,N/A,N/A,N/A,N/A,N/A,N/A,N/A,N/A,N/A,,N/A,N/A,15984303.0,107898-54-4,C15H26O,222.37,"(E)-3,3-dimethyl-5-(2,2,3-trimethylcyclopent-3-en-1-yl)pent-4-en-2-ol",,3.8,,,0.0,0.0,,Restricted,51st (2023),0.031,0.057,0.25,1.1,0.27,0.27,0.27,0.091,0.031,0.63,0.63,0.091,1.7,1.7,4.0,0.091,0.091,0.0
"3,4,5,6,6-Pentamethylhept-3-en-2-one",N/A,N/A,N/A,N/A,N/A,N/A,N/A,N/A,N/A,N/A,N/A,N/A,N/A,N/A,,N/A,N/A,3019018.0,81786-75-6,C12H22O,182.3,"3,5,6,6-tetramethyl-4-methylideneheptan-2-one",,3.8,,,0.0,0.0,,Restricted,51st (2023),0.0095,0.1,0.019,1.9,0.26,0.029,0.0095,0.0032,0.0095,0.086,0.086,0.0032,0.39,0.39,2.6,0.0032,0.0032,0.0
"3,6,7-Trimethyl-2,6-octadienal",N/A,N/A,N/A,N/A,N/A,N/A,N/A,N/A,N/A,N/A,N/A,N/A,N/A,N/A,,N/A,N/A,53722795.0,1891-67-4,C11H18O,166.26,"3,6,7-trimethylocta-2,6-dienal",,3.7,,,0.0,0.0,,Restricted,51st (2023),0.011,0.032,0.023,0.6,0.15,0.034,0.069,0.011,0.011,0.011,0.011,0.011,0.24,0.011,2.4,0.011,0.011,80.0
"3,7-Dimethyl-2,6-nonadien-1-al",N/A,N/A,N/A,N/A,N/A,N/A,N/A,N/A,N/A,N/A,N/A,N/A,N/A,N/A,,N/A,N/A,5364526.0,41448-29-7,C11H18O,166.26,"(2E,6E)-3,7-dimethylnona-2,6-dienal",,3.5,,,0.0,0.0,,Restricted,51st (2023),0.11,0.032,0.65,0.6,0.15,0.15,0.15,0.051,0.16,1.2,1.2,0.051,0.16,0.16,4.2,0.051,0.051,0.0
"3,7-Dimethyl-2-octen-1-ol",N/A,N/A,N/A,N/A,N/A,N/A,N/A,N/A,N/A,N/A,N/A,N/A,N/A,N/A,,N/A,N/A,5365836.0,40607-48-5,C10H20O,156.26,"(E)-3,7-dimethyloct-2-en-1-ol",,3.4,,,0.0,0.0,,Prohibited,51st (2023),0.0,0.0,0.0,0.0,0.0,0.0,0.0,0.0,0.0,0.0,0.0,0.0,0.0,0.0,0.0,0.0,0.0,0.0
"3,7-Dimethyl-3,6-octadienal",N/A,N/A,N/A,N/A,N/A,N/A,N/A,N/A,N/A,N/A,N/A,N/A,N/A,N/A,,N/A,N/A,108355.0,55722-59-3,C10H16O,152.23,"3,7-dimethylocta-3,6-dienal",,2.9,,,0.0,0.0,,Restricted,51st (2023),0.54,0.16,0.03,3.0,0.76,0.12,0.03,0.01,1.3,0.12,0.12,0.01,0.79,0.79,4.2,0.01,0.01,53.0
3-(m-tert-Butylphenyl)-2-methylpropionaldehyde (m-BMHCA),N/A,N/A,N/A,N/A,N/A,N/A,N/A,N/A,N/A,N/A,N/A,N/A,N/A,N/A,,N/A,N/A,112494.0,62518-65-4,C14H20O,204.31,3-(3-tert-butylphenyl)-2-methylpropanal,,3.9,,,0.0,0.0,,Restricted,51st (2023),0.0086,0.094,0.21,1.8,0.45,0.28,0.42,0.094,0.0086,0.37,0.37,0.094,0.96,0.96,3.1,0.094,0.094,64.0
"3-Acetyl-2,5-dimethylfuran",N/A,N/A,N/A,N/A,N/A,N/A,N/A,N/A,N/A,N/A,N/A,N/A,N/A,N/A,,N/A,N/A,61527.0,10599-70-9,C8H10O2,138.16,"1-(2,5-dimethylfuran-3-yl)ethanone",,1.5,,,0.0,0.0,,Prohibited,51st (2023),0.0,0.0,0.0,0.0,0.0,0.0,0.0,0.0,0.0,0.0,0.0,0.0,0.0,0.0,0.0,0.0,0.0,0.0
"3-Bromo-1,7,7-trimethylbicyclo[2.2.1]heptane-2-one",N/A,N/A,N/A,N/A,N/A,N/A,N/A,N/A,N/A,N/A,N/A,N/A,N/A,N/A,,N/A,N/A,6438.0,76-29-9,C10H15BrO,231.13,"3-bromo-1,7,7-trimethylbicyclo[2.2.1]heptan-2-one",,2.9,,,0.0,0.0,,Prohibited,51st (2023),0.0,0.0,0.0,0.0,0.0,0.0,0.0,0.0,0.0,0.0,0.0,0.0,0.0,0.0,0.0,0.0,0.0,0.0
3-Methyl-2(3)-nonenenitrile,N/A,N/A,N/A,N/A,N/A,N/A,N/A,N/A,N/A,N/A,N/A,N/A,N/A,N/A,,N/A,N/A,5875646.0,53153-66-5,C10H17N,151.25,(E)-3-methylnon-2-enenitrile,,4.0,,,0.0,0.0,,Prohibited,51st (2023),0.0,0.0,0.0,0.0,0.0,0.0,0.0,0.0,0.0,0.0,0.0,0.0,0.0,0.0,0.0,0.0,0.0,0.0
3-Methyl-2-(pentyloxy)cyclopent-2-en-1-one,N/A,N/A,N/A,N/A,N/A,N/A,N/A,N/A,N/A,N/A,N/A,N/A,N/A,N/A,,N/A,N/A,111783.0,68922-13-4,C11H18O2,182.26,3-methyl-2-pentoxycyclopent-2-en-1-one,,2.4,,,0.0,0.0,,Restricted,51st (2023),0.085,0.025,0.51,0.47,0.12,0.12,0.12,0.12,0.28,0.96,0.96,0.05,0.92,3.3,3.3,1.8,1.8,0.0
3-Methyl-5-phenylpent-2-enenitrile,N/A,N/A,N/A,N/A,N/A,N/A,N/A,N/A,N/A,N/A,N/A,N/A,N/A,N/A,,N/A,N/A,1585264.0,93893-89-1,C12H13N,171.24,(E)-3-methyl-5-phenylpent-2-enenitrile,,3.3,,,0.0,0.0,,Restricted,51st (2023),0.021,0.0062,0.12,0.12,0.029,0.029,0.029,0.0097,0.065,0.24,0.24,0.0097,0.23,0.81,0.81,0.0097,0.0097,65.0
3-Octen-2-one,N/A,N/A,N/A,N/A,N/A,N/A,N/A,N/A,N/A,N/A,N/A,N/A,N/A,N/A,,N/A,N/A,5363229.0,1669-44-9,C8H14O,126.2,(E)-oct-3-en-2-one,,2.3,,,0.0,0.0,,Restricted,51st (2023),0.0085,0.0025,0.051,0.047,0.012,0.012,0.012,0.012,0.028,0.096,0.096,0.005,0.092,0.33,0.33,0.18,0.18,0.0
3-Phenylbutanal,N/A,N/A,N/A,N/A,N/A,N/A,N/A,N/A,N/A,N/A,N/A,N/A,N/A,N/A,,N/A,N/A,85979.0,16251-77-7,C10H12O,148.2,3-phenylbutanal,,1.9,,,0.0,0.0,,Restricted,51st (2023),0.17,0.069,0.023,0.44,0.24,0.023,0.034,0.0076,0.011,0.023,0.023,0.0076,0.08,0.08,0.36,0.0076,0.0076,9.6
3-Propylidenephthalide,N/A,N/A,N/A,N/A,N/A,N/A,N/A,N/A,N/A,N/A,N/A,N/A,N/A,N/A,,N/A,N/A,28500.0,17369-59-4,C11H10O2,174.2,3-propylidene-2-benzofuran-1-one,,2.6,,,0.0,0.0,,Restricted,51st (2023),0.072,0.022,0.43,0.0,0.0,0.0,0.0,0.0,0.24,0.82,0.82,0.042,0.79,2.8,2.8,1.6,1.6,0.0
"4,6-Dimethyl-8-tert-butylcoumarin",N/A,N/A,N/A,N/A,N/A,N/A,N/A,N/A,N/A,N/A,N/A,N/A,N/A,N/A,,N/A,N/A,28818.0,17874-34-9,C15H18O2,230.3,"8-tert-butyl-4,6-dimethylchromen-2-one",,3.9,,,0.0,0.0,,Prohibited,51st (2023),0.0,0.0,0.0,0.0,0.0,0.0,0.0,0.0,0.0,0.0,0.0,0.0,0.0,0.0,0.0,0.0,0.0,0.0
"4,8-Dimethyl-4,9-decadienal",N/A,N/A,N/A,N/A,N/A,N/A,N/A,N/A,N/A,N/A,N/A,N/A,N/A,N/A,,N/A,N/A,116736.0,71077-31-1,C12H20O,180.29,"4,8-dimethyldeca-4,9-dienal",,3.5,,,0.0,0.0,,Restricted,51st (2023),0.042,0.013,0.25,0.24,0.06,0.06,0.06,0.02,0.14,0.48,0.48,0.02,0.46,0.46,1.7,0.02,0.02,0.0
4-(4-Hydroxyphenyl)butan-2-one,N/A,N/A,N/A,N/A,N/A,N/A,N/A,N/A,N/A,N/A,N/A,N/A,N/A,N/A,,N/A,N/A,21648.0,5471-51-2,C10H12O2,164.2,4-(4-hydroxyphenyl)butan-2-one,,1.5,,,0.0,0.0,,Restricted,51st (2023),0.68,1.0,0.27,1.0,1.0,0.14,0.27,0.045,0.82,0.41,0.41,0.045,1.0,1.0,1.0,0.045,0.045,78.0
4-(Isopropyl)-.beta.-methylcyclohexanethanol,N/A,N/A,N/A,N/A,N/A,N/A,N/A,N/A,N/A,N/A,N/A,N/A,N/A,N/A,,N/A,N/A,106731.0,67634-03-1,C12H24O,184.32,2-(4-propan-2-ylcyclohexyl)propan-1-ol,,4.1,,,0.0,0.0,,Restricted,51st (2023),0.26,0.39,0.26,6.4,0.52,0.26,0.26,0.086,0.26,0.26,0.26,0.086,4.9,4.9,1.0,0.086,0.086,20.0
"4-Hydroxy-2,5-dimethyl-3(2H)-furanone",N/A,N/A,N/A,N/A,N/A,N/A,N/A,N/A,N/A,N/A,N/A,N/A,N/A,N/A,,N/A,N/A,19309.0,3658-77-3,C6H8O3,128.13,"4-hydroxy-2,5-dimethylfuran-3-one",,0.7,,,0.0,0.0,,Restricted,51st (2023),0.045,0.014,0.27,0.25,0.064,0.064,0.064,0.021,0.15,0.52,0.52,0.021,0.49,0.49,1.8,0.021,0.021,0.0
4-Methoxy-alpha-methylbenzenepropanal,N/A,N/A,N/A,N/A,N/A,N/A,N/A,N/A,N/A,N/A,N/A,N/A,N/A,N/A,,N/A,N/A,64813.0,5462-06-6,C11H14O2,178.23,3-(4-methoxyphenyl)-2-methylpropanal,,2.2,,,0.0,0.0,,Restricted,51st (2023),0.11,0.14,0.75,2.5,0.64,0.64,0.64,0.21,0.11,0.86,0.86,0.21,2.7,0.75,4.1,0.21,0.21,0.0
4-Methyl-1-propan-2-ylbicyclo[2.2.2]oct-2-ene-8-carboxylate,N/A,N/A,N/A,N/A,N/A,N/A,N/A,N/A,N/A,N/A,N/A,N/A,N/A,N/A,,N/A,N/A,,N/A,N/A,0.0,N/A,,0.0,,,0.0,0.0,,Restricted,51st (2023),0.17,0.05,0.85,0.94,0.24,0.24,0.24,0.08,0.17,0.85,0.85,0.08,1.8,2.0,6.6,0.08,0.08,0.0
4-Methyl-7-ethoxycoumarin,N/A,N/A,N/A,N/A,N/A,N/A,N/A,N/A,N/A,N/A,N/A,N/A,N/A,N/A,,N/A,N/A,66595.0,87-05-8,C12H12O3,204.22,7-ethoxy-4-methylchromen-2-one,,2.6,,,0.0,0.0,,Prohibited,51st (2023),0.0,0.0,0.0,0.0,0.0,0.0,0.0,0.0,0.0,0.0,0.0,0.0,0.0,0.0,0.0,0.0,0.0,0.0
4-Phenyl-3-buten-2-ol,N/A,N/A,N/A,N/A,N/A,N/A,N/A,N/A,N/A,N/A,N/A,N/A,N/A,N/A,,N/A,N/A,15172.0,17488-65-2,C10H12O,148.2,4-phenylbut-3-en-2-ol,,2.1,,,0.0,0.0,,Restricted,51st (2023),0.22,0.066,1.3,1.2,0.32,0.32,0.32,0.32,0.73,2.5,2.5,0.13,2.4,8.7,8.7,4.8,4.8,0.0
4-tert-Butylcyclohexanone,N/A,N/A,N/A,N/A,N/A,N/A,N/A,N/A,N/A,N/A,N/A,N/A,N/A,N/A,,N/A,N/A,7392.0,202-678-5,C10H18O,154.25,4-tert-butylcyclohexan-1-one,,2.6,,,0.0,0.0,,Restricted,51st (2023),0.027,0.008,0.16,0.15,0.038,0.038,0.038,0.013,0.088,0.26,0.26,0.013,0.29,0.13,0.52,0.013,0.013,58.0
"5,9-Dimethyl-4,8-decadienal",N/A,N/A,N/A,N/A,N/A,N/A,N/A,N/A,N/A,N/A,N/A,N/A,N/A,N/A,,N/A,N/A,101854.0,762-26-5,C12H20O,180.29,"5,9-dimethyldeca-4,8-dienal",,3.5,,,0.0,0.0,,Restricted,51st (2023),0.074,0.16,0.074,3.0,0.76,0.15,0.074,0.025,0.074,1.1,1.1,0.025,2.5,2.5,4.6,0.025,0.025,0.0
"5-(2,2,3-Trimethyl-3-cyclopentenyl)-3-methylpentan-2-ol",N/A,N/A,N/A,N/A,N/A,N/A,N/A,N/A,N/A,N/A,N/A,N/A,N/A,N/A,,N/A,N/A,103212.0,65113-99-7,C14H26O,210.36,"3-methyl-5-(2,2,3-trimethylcyclopent-3-en-1-yl)pentan-2-ol",,3.9,,,0.0,0.0,,Restricted,51st (2023),0.21,0.062,1.2,1.2,0.29,0.29,0.29,0.29,0.68,2.4,2.4,0.12,2.3,8.1,8.1,4.5,4.5,0.0
5-Hexen-1-yl 2-methylbutanoate,N/A,N/A,N/A,N/A,N/A,N/A,N/A,N/A,N/A,N/A,N/A,N/A,N/A,N/A,,N/A,N/A,58240624.0,155514-23-1,C11H20O2,184.27,hex-5-enyl 2-methylbutanoate,,3.3,,,0.0,0.0,,Restricted,51st (2023),0.12,0.034,0.69,0.64,0.16,0.16,0.16,0.16,0.38,1.3,1.3,0.068,1.3,4.5,4.5,2.5,2.5,0.0
"6,7-Dihydro-1,1,2,3,3-pentamethyl-4(5H)-indanone (DPMI)",N/A,N/A,N/A,N/A,N/A,N/A,N/A,N/A,N/A,N/A,N/A,N/A,N/A,N/A,,N/A,N/A,92292.0,33704-61-9,C14H22O,206.32,"1,1,2,3,3-pentamethyl-2,5,6,7-tetrahydroinden-4-one",,3.3,,,0.0,0.0,,Restricted,51st (2023),0.0063,0.26,0.019,3.8,0.31,0.025,0.038,0.0084,0.0063,0.031,0.031,0.0084,0.13,0.13,0.28,0.0084,0.0084,9.4
"6-Hydroxy-2,6-dimethylheptanal",N/A,N/A,N/A,N/A,N/A,N/A,N/A,N/A,N/A,N/A,N/A,N/A,N/A,N/A,,N/A,N/A,20554059.0,62439-42-3,C9H18O2,158.24,"6-hydroxy-2,6-dimethylheptanal",,1.2,,,0.0,0.0,,Restricted,51st (2023),0.22,0.066,1.3,1.2,0.32,0.32,0.32,0.11,0.73,1.8,1.8,0.11,2.4,0.91,8.7,0.11,0.11,0.0
6-Isopropyl-2-decalol,N/A,N/A,N/A,N/A,N/A,N/A,N/A,N/A,N/A,N/A,N/A,N/A,N/A,N/A,,N/A,N/A,94453.0,34131-99-2,C13H24O,196.33,"6-propan-2-yl-1,2,3,4,4a,5,6,7,8,8a-decahydronaphthalen-2-ol",,4.0,,,0.0,0.0,,Prohibited,51st (2023),0.0,0.0,0.0,0.0,0.0,0.0,0.0,0.0,0.0,0.0,0.0,0.0,0.0,0.0,0.0,0.0,0.0,0.0
"6-Methyl-3,5-heptadien-2-one",N/A,N/A,N/A,N/A,N/A,N/A,N/A,N/A,N/A,N/A,N/A,N/A,N/A,N/A,,N/A,N/A,5370101.0,1604-28-0,C8H12O,124.18,"(3E)-6-methylhepta-3,5-dien-2-one",,2.0,,,0.0,0.0,,Restricted,51st (2023),0.0085,0.0025,0.051,0.047,0.012,0.012,0.012,0.012,0.028,0.096,0.096,0.005,0.092,0.33,0.33,0.18,0.18,0.0
6-Methylcoumarin,N/A,N/A,N/A,N/A,N/A,N/A,N/A,N/A,N/A,N/A,N/A,N/A,N/A,N/A,,N/A,N/A,7092.0,92-48-8,C10H8O2,160.17,6-methylchromen-2-one,,1.8,,,0.0,0.0,,Prohibited,51st (2023),0.0,0.0,0.0,0.0,0.0,0.0,0.0,0.0,0.0,0.0,0.0,0.0,0.0,0.0,0.0,0.0,0.0,0.0
"7-Methoxy-3,7-dimethyloct-1-ene",N/A,N/A,N/A,N/A,N/A,N/A,N/A,N/A,N/A,N/A,N/A,N/A,N/A,N/A,,N/A,N/A,103825.0,53767-86-5,C11H22O,170.29,"7-methoxy-3,7-dimethyloct-1-ene",,3.4,,,0.0,0.0,,Restricted,51st (2023),1e-05,1e-05,1e-05,1e-05,0.042,1e-05,1e-05,3.3e-06,1e-05,1e-05,1e-05,3.3e-06,0.0042,1e-05,0.61,3.3e-06,3.3e-06,0.1
7-Methoxycoumarin,N/A,N/A,N/A,N/A,N/A,N/A,N/A,N/A,N/A,N/A,N/A,N/A,N/A,N/A,,N/A,N/A,10748.0,531-59-9,C10H8O3,176.17,7-methoxychromen-2-one,,1.9,,,0.0,0.0,,Prohibited,51st (2023),0.0,0.0,0.0,0.0,0.0,0.0,0.0,0.0,0.0,0.0,0.0,0.0,0.0,0.0,0.0,0.0,0.0,0.0
7-Methylcoumarin,N/A,N/A,N/A,N/A,N/A,N/A,N/A,N/A,N/A,N/A,N/A,N/A,N/A,N/A,,N/A,N/A,17131.0,2445-83-2,C10H8O2,160.17,7-methylchromen-2-one,,1.8,,,0.0,0.0,,Prohibited,51st (2023),0.0,0.0,0.0,0.0,0.0,0.0,0.0,0.0,0.0,0.0,0.0,0.0,0.0,0.0,0.0,0.0,0.0,0.0
"Acetic acid, anhydride, reaction products with 1,5,10-Trimethyl-1,5,9-cyclododecatriene",N/A,N/A,N/A,N/A,N/A,N/A,N/A,N/A,N/A,N/A,N/A,N/A,N/A,N/A,,N/A,N/A,,N/A,N/A,0.0,N/A,,0.0,,,0.0,0.0,,Restricted,51st (2023),0.00016,0.13,0.4,2.4,0.6,0.52,0.6,0.17,0.00016,0.87,0.87,0.17,2.2,2.2,4.4,0.17,0.17,0.0
Acetyl ethyl tetramethyl tetralin (AETT),N/A,N/A,N/A,N/A,N/A,N/A,N/A,N/A,N/A,N/A,N/A,N/A,N/A,N/A,,N/A,N/A,6930.0,88-29-9,C18H26O,258.4,"1-(3-ethyl-5,5,8,8-tetramethyl-6,7-dihydronaphthalen-2-yl)ethanone",,5.5,,,0.0,0.0,,Prohibited,51st (2023),0.0,0.0,0.0,0.0,0.0,0.0,0.0,0.0,0.0,0.0,0.0,0.0,0.0,0.0,0.0,0.0,0.0,0.0
Acetyl hexamethyl indan (AHMI),N/A,N/A,N/A,N/A,N/A,N/A,N/A,N/A,N/A,N/A,N/A,N/A,N/A,N/A,,N/A,N/A,47167.0,15323-35-0,C17H24O,244.37,"1-(1,1,2,3,3,6-hexamethyl-2H-inden-5-yl)ethanone",,4.8,,,0.0,0.0,,Restricted,51st (2023),2.0,2.0,2.0,2.0,2.0,2.0,2.0,2.0,2.0,0.0,2.0,2.0,0.0,0.0,2.0,0.0,2.0,0.0
Acetyl isovaleryl,N/A,N/A,N/A,N/A,N/A,N/A,N/A,N/A,N/A,N/A,N/A,N/A,N/A,N/A,,N/A,N/A,26204.0,13706-86-0,C7H12O2,128.17,"5-methylhexane-2,3-dione",,0.9,,,0.0,0.0,,Prohibited,51st (2023),0.0,0.0,0.0,0.0,0.0,0.0,0.0,0.0,0.0,0.0,0.0,0.0,0.0,0.0,0.0,0.0,0.0,0.0
Acetylated Vetiver oil,N/A,N/A,N/A,N/A,N/A,N/A,N/A,N/A,N/A,N/A,N/A,N/A,N/A,N/A,,N/A,N/A,,N/A,N/A,0.0,N/A,,0.0,,,0.0,0.0,,Restricted,51st (2023),0.05,0.05,0.05,0.9,0.1,0.1,0.1,0.033,0.098,0.1,0.1,0.033,0.2,0.2,3.8,0.033,0.033,0.0
Alantroot oil,N/A,N/A,N/A,N/A,N/A,N/A,N/A,N/A,N/A,N/A,N/A,N/A,N/A,N/A,,N/A,N/A,,N/A,N/A,0.0,N/A,,0.0,,,0.0,0.0,,Prohibited,51st (2023),0.0,0.0,0.0,0.0,0.0,0.0,0.0,0.0,0.0,0.0,0.0,0.0,0.0,0.0,0.0,0.0,0.0,0.0
Aldehydal,N/A,middle,Aldehyde,image,N/A,N/A,N/A,합성향료,"플로럴노트를 풍부하게함, 합성향료, 리치",N/A,빨래하고난 상쾌•깨끗한 느낌 | 세탁세제만 풀어 세탁한 | 건조기 돌리고 난 냄새,N/A,N/A,🌗,3.0,perfume,notion_manual,,N/A,N/A,0.0,N/A,,0.0,,,0.0,0.0,,N/A,N/A,0.0,0.0,0.0,0.0,0.0,0.0,0.0,0.0,0.0,0.0,0.0,0.0,0.0,0.0,0.0,0.0,0.0,0.0
Allyl 3-cyclohexylpropionate,N/A,N/A,N/A,N/A,N/A,N/A,N/A,N/A,N/A,N/A,N/A,N/A,N/A,N/A,,N/A,N/A,17617.0,2705-87-5,C12H20O2,196.29,prop-2-enyl 3-cyclohexylpropanoate,,3.8,,,0.0,0.0,,Restricted,51st (2023),0.085,0.025,0.35,0.47,0.12,0.12,0.12,0.04,0.28,0.7,0.7,0.04,0.92,0.7,3.3,0.04,0.04,0.0
Allyl esters,N/A,N/A,N/A,N/A,N/A,N/A,N/A,N/A,N/A,N/A,N/A,N/A,N/A,N/A,,N/A,N/A,,N/A,N/A,0.0,N/A,,0.0,,,0.0,0.0,,No Restriction,51st (2023),0.0,0.0,0.0,0.0,0.0,0.0,0.0,0.0,0.0,0.0,0.0,0.0,0.0,0.0,0.0,0.0,0.0,0.0
Allyl heptine carbonate,N/A,N/A,N/A,N/A,N/A,N/A,N/A,N/A,N/A,N/A,N/A,N/A,N/A,N/A,,N/A,N/A,155771.0,277-303-1,C11H16O2,180.24,prop-2-enyl oct-2-ynoate,,3.8,,,0.0,0.0,,Prohibited,51st (2023),0.0,0.0,0.0,0.0,0.0,0.0,0.0,0.0,0.0,0.0,0.0,0.0,0.0,0.0,0.0,0.0,0.0,0.0
Allyl isothiocyanate,N/A,N/A,N/A,N/A,N/A,N/A,N/A,N/A,N/A,N/A,N/A,N/A,N/A,N/A,,N/A,N/A,5971.0,57-06-7,C4H5NS,99.16,3-isothiocyanatoprop-1-ene,,2.4,,,0.0,0.0,,Prohibited,51st (2023),0.0,0.0,0.0,0.0,0.0,0.0,0.0,0.0,0.0,0.0,0.0,0.0,0.0,0.0,0.0,0.0,0.0,0.0
Allyl phenoxyacetate,N/A,N/A,N/A,N/A,N/A,N/A,N/A,N/A,N/A,N/A,N/A,N/A,N/A,N/A,,N/A,N/A,24117.0,7493-74-5,C11H12O3,192.21,prop-2-enyl 2-phenoxyacetate,,2.1,,,0.0,0.0,,Restricted,51st (2023),0.054,0.016,0.21,0.3,0.076,0.076,0.076,0.025,0.18,0.41,0.41,0.025,0.59,0.59,1.7,0.025,0.025,52.0
Alpine Lavender,Lavandula officinalis,top,Herbal,"aromatic,floral,herbal,rosewood,spicy,전형적인 아로마(아토피 치료)의 시원함",N/A,"Linalyl acetate, Linalool, Lavandulol","남프랑스, 불가리아, 뉴질랜드, 이탈리아, 스페인, 이탈리아, 헝가리, 오스트레일리아","증류법, 용제 추출",신선하고 깨끗한 라벤더향,아토피 치유하는 시원한 아로마,전형적인 아로마(아토피 치료)의 시원함/ 시원함 정도N/A 코가 뻥 뚫리고 맡은 공기 or 박하잎을 코에 넣은. 홀리오 냄새.. | 명상 | 몸이 시원해지는 아로마. 아토피치유.,"{""distribution""N/A ""Mediterranean (Spain, France, Italy, Croatia etc.)"", ""climate""N/A ""Best in Mediterranean climates similar to its native habitat, characterised by wet winters and dry summers. ability to survive with low water consumption"", ""feature""N/A ""Aromatic shrub, ornamental plant"", ""height""N/A ""1-2m"", ""flower""N/A ""Pinkish-purple"", ""use""N/A ""Leaves, Flowers ⇒ Herbal Medicine, Oil(Massage), Tea N/A anxiety, difficulty falling asleep""}",Rosewood vs Alpine Lavender | Rosewood | vs | Alpine Lavender | RosewoodN/A 시원함이 덜 함. 좀 더 약하고. 가지고 다니면서 사용할 수 있는 심신 안정 롤 에센셜. 좀 더 우거진 수풀 같음. 명절 다 모인 느낌은 좀 더 Warm. | Alpine LavenderN/A 시원하고. 쿨파스를 붙인 거 같은. 전체적인 마무리감도 시원하게 느껴지는.,🌗,3.0,"perfume,cosmetic,pharmaceutical,home_scent",notion_manual,,N/A,N/A,0.0,N/A,,0.0,,,0.0,0.0,,N/A,N/A,0.0,0.0,0.0,0.0,0.0,0.0,0.0,0.0,0.0,0.0,0.0,0.0,0.0,0.0,0.0,0.0,0.0,0.0
Amber,Physeter macrocephalus L.,base,Animal,"image,powdery,sweet,vanilla",N/A,"Ambein, Ambroxane","아프리카, 인도, 일본, 수마트라 등의 바다","Tincture (해상에 부유하는 용연향을 채취, 건조하여 수득)","스윗, 오일리, 파우더리",N/A,강하고. Woody 느낌 o | 진한 씨앗 뭉갠 거 같은 | Soft. 진하지만 부드럽게 느껴짐. 약간 시원하기도 함. 엄청 향기나는 결석 으깬. 약간 차가운 바람 부는 날씨의 바다. 퍼지기보다는 딱 으깨서 나는 그런 느낌. | 향긋.,N/A,N/A,🌗,3.0,"perfume,cosmetic",notion_manual,10857465.0,6790-58-5,C16H28O,236.39,"(3aR,5aS,9aS,9bR)-3a,6,6,9a-tetramethyl-2,4,5,5a,7,8,9,9b-octahydro-1H-benzo[e][1]benzofuran",,4.7,,,0.0,0.0,,N/A,N/A,0.0,0.0,0.0,0.0,0.0,0.0,0.0,0.0,0.0,0.0,0.0,0.0,0.0,0.0,0.0,0.0,0.0,0.0
Amylcyclopentenone,N/A,N/A,N/A,N/A,N/A,N/A,N/A,N/A,N/A,N/A,N/A,N/A,N/A,N/A,,N/A,N/A,117549.0,25564-22-1,C10H16O,152.23,2-pentylcyclopent-2-en-1-one,,3.0,,,0.0,0.0,,Prohibited,51st (2023),0.0,0.0,0.0,0.0,0.0,0.0,0.0,0.0,0.0,0.0,0.0,0.0,0.0,0.0,0.0,0.0,0.0,0.0
Angelica root oil,N/A,N/A,N/A,N/A,N/A,N/A,N/A,N/A,N/A,N/A,N/A,N/A,N/A,N/A,,N/A,N/A,,N/A,N/A,0.0,N/A,,0.0,,,0.0,0.0,,Restricted,51st (2023),0.8,0.8,0.8,0.8,0.8,0.8,0.8,0.8,0.8,0.0,0.8,0.8,0.0,0.0,0.8,0.0,0.8,0.0
Anisyl alcohol,N/A,N/A,N/A,N/A,N/A,N/A,N/A,N/A,N/A,N/A,N/A,N/A,N/A,N/A,,N/A,N/A,7738.0,105-13-5,C8H10O2,138.16,(4-methoxyphenyl)methanol,,1.1,,,0.0,0.0,,Restricted,51st (2023),0.0028,0.039,0.025,0.21,0.041,0.0055,0.033,0.002,0.091,0.033,0.033,0.002,0.099,0.099,0.17,0.002,0.002,14.0
Anisylidene acetone,N/A,N/A,N/A,N/A,N/A,N/A,N/A,N/A,N/A,N/A,N/A,N/A,N/A,N/A,,N/A,N/A,736889.0,3815-30-3,C11H12O2,176.21,(E)-4-(4-methoxyphenyl)but-3-en-2-one,,2.1,,,0.0,0.0,,Prohibited,51st (2023),0.0,0.0,0.0,0.0,0.0,0.0,0.0,0.0,0.0,0.0,0.0,0.0,0.0,0.0,0.0,0.0,0.0,0.0
Apple,Malus pumila Mill,top,Fruity,"apple,fruity,juicy,tart(시큼한)",N/A,Butyl acetate,"서부 아시아, 중부 유럽",조합 향료,사과냄새,N/A,점성이 높은 액기스. 최대치(임계치)가 점막에 묻은 느낌. 임계 이상은 느껴지지 않음. 인공적인. 뭔가 수영장에서 맡아본. 굉장히 인공적인 사과향 주스// 고여있는 ⇒ 인공향이 강한 사과 주스 | sweet. 푸룻한 닮. 지저귀는. 귀엽게 단? 어린 이미지. 소녀. 정원에서 어린 소녀 곁으로 바람이 불었을 때 날 거 같은. 파우더 같은 느낌. Fruity. 농축된. 분.,"{""distribution""N/A ""Eastern Asia"", ""height""N/A ""3-5m"", ""flower""N/A ""White. Apr.~May"", ""fruit""N/A ""Edible, Pome, round, ripen to red. Aug.~Sep""}",N/A,🌘,2.0,"food,perfume,cosmetic",notion_manual,,N/A,N/A,0.0,N/A,,0.0,,,185515.0,954.0,2024.0,N/A,N/A,0.0,0.0,0.0,0.0,0.0,0.0,0.0,0.0,0.0,0.0,0.0,0.0,0.0,0.0,0.0,0.0,0.0,0.0
Bamboo,N/A,top,N/A,image,N/A,N/A,N/A,N/A,N/A,N/A,안기고 싶은 남자,N/A,N/A,🌖,4.0,"perfume,home_scent,cosmetic",notion_manual,,N/A,N/A,0.0,N/A,,0.0,,,0.0,0.0,,N/A,N/A,0.0,0.0,0.0,0.0,0.0,0.0,0.0,0.0,0.0,0.0,0.0,0.0,0.0,0.0,0.0,0.0,0.0,0.0
Basil,N/A,top,N/A,image,N/A,N/A,N/A,N/A,N/A,N/A,쿨톤 초록,N/A,N/A,🌖,4.0,"food,perfume,pharmaceutical",notion_manual,,N/A,N/A,0.0,N/A,,0.0,,,0.0,0.0,,N/A,N/A,0.0,0.0,0.0,0.0,0.0,0.0,0.0,0.0,0.0,0.0,0.0,0.0,0.0,0.0,0.0,0.0,0.0,0.0
Bay leaf,N/A,top,N/A,"image,비 온 나뭇잎 + 달달,시원한 꽃 white",N/A,N/A,N/A,N/A,N/A,N/A,비 온 나뭇잎 + 달달/ 시원한 꽃 white,N/A,N/A,🌖,4.0,"food,perfume,pharmaceutical",notion_manual,,N/A,N/A,0.0,N/A,,0.0,,,0.0,0.0,,N/A,N/A,0.0,0.0,0.0,0.0,0.0,0.0,0.0,0.0,0.0,0.0,0.0,0.0,0.0,0.0,0.0,0.0,0.0,0.0
Beaver Oil,Castor fiber L.,base,Animal,image,Modifier,N/A,"시베리아, 캐나다","Tincture (비버의 항냥으로부터 채취, 건조, 휘발성 용제를 이용하여 수득)","드라이 애니멀, 비버 페로몬",N/A,Cool. Marine. 바닷가 | 비릿함. 다양한 게 섞인. 이국적. 시원한데 한결 약간의 짜고 좀 더 여름같은. 좀 더 가벼움 (Amber보다 계절감으로). 모래사장 해가 눈 부신. 시원한. 에메랄드블루 바다.,N/A,N/A,🌖,4.0,perfume,notion_manual,11368680.0,N/A,C15H23NO2,249.35,"[(3S,6S,9R,9aS)-6-(furan-3-yl)-9-methyl-2,3,4,6,7,8,9,9a-octahydro-1H-quinolizin-3-yl]methanol",,2.3,,,0.0,0.0,,N/A,N/A,0.0,0.0,0.0,0.0,0.0,0.0,0.0,0.0,0.0,0.0,0.0,0.0,0.0,0.0,0.0,0.0,0.0,0.0
Benzaldehyde,N/A,N/A,N/A,N/A,N/A,N/A,N/A,N/A,N/A,N/A,N/A,N/A,N/A,N/A,,N/A,N/A,240.0,100-52-7,C7H6O,106.12,benzaldehyde,,1.5,,,0.0,0.0,,Restricted,51st (2023),0.045,0.014,0.27,0.25,0.064,0.064,0.064,0.021,0.15,0.52,0.52,0.021,0.49,0.49,1.8,0.021,0.021,0.0
Benzene,N/A,N/A,N/A,N/A,N/A,N/A,N/A,N/A,N/A,N/A,N/A,N/A,N/A,N/A,,N/A,N/A,241.0,71-43-2,C6H6,78.11,benzene,,2.1,,,0.0,0.0,,Prohibited,51st (2023),0.0,0.0,0.0,0.0,0.0,0.0,0.0,0.0,0.0,0.0,0.0,0.0,0.0,0.0,0.0,0.0,0.0,0.0
Benzoin,N/A,base,N/A,image,N/A,N/A,N/A,N/A,N/A,N/A,시원한 백사장 속 셔츠,N/A,N/A,🌗,3.0,"perfume,cosmetic,pharmaceutical,home_scent",notion_manual,8400.0,119-53-9,C14H12O2,212.24,"2-hydroxy-1,2-diphenylethanone",,2.1,,,0.0,0.0,,N/A,N/A,0.0,0.0,0.0,0.0,0.0,0.0,0.0,0.0,0.0,0.0,0.0,0.0,0.0,0.0,0.0,0.0,0.0,0.0
Benzyl alcohol,N/A,N/A,N/A,N/A,N/A,N/A,N/A,N/A,N/A,N/A,N/A,N/A,N/A,N/A,,N/A,N/A,244.0,100-51-6,C7H8O,108.14,phenylmethanol,,1.1,,,0.0,0.0,,Restricted,51st (2023),0.45,0.14,0.34,2.5,0.64,0.17,0.34,0.057,1.5,0.68,0.68,0.057,2.2,2.2,8.5,0.057,0.057,0.0
Benzyl benzoate,N/A,N/A,N/A,N/A,N/A,N/A,N/A,N/A,N/A,N/A,N/A,N/A,N/A,N/A,,N/A,N/A,2345.0,120-51-4,C14H12O2,212.24,benzyl benzoate,,4.0,,,0.0,0.0,,Restricted,51st (2023),1.7,1.4,0.41,4.8,4.3,0.21,0.83,0.07,0.41,0.41,0.41,0.07,1.9,1.9,12.0,0.07,0.07,0.0
Benzyl cinnamate,N/A,N/A,N/A,N/A,N/A,N/A,N/A,N/A,N/A,N/A,N/A,N/A,N/A,N/A,,N/A,N/A,5273469.0,103-41-3,C16H14O2,238.28,benzyl (E)-3-phenylprop-2-enoate,,3.8,,,0.0,0.0,,Restricted,51st (2023),0.36,0.11,1.2,2.0,0.51,0.51,0.51,0.17,1.2,2.4,2.4,0.17,3.9,3.9,14.0,0.17,0.17,0.0
Benzyl cyanide,N/A,N/A,N/A,N/A,N/A,N/A,N/A,N/A,N/A,N/A,N/A,N/A,N/A,N/A,,N/A,N/A,8794.0,140-29-4,C8H7N,117.15,2-phenylacetonitrile,,1.6,,,0.0,0.0,,Prohibited,51st (2023),0.0,0.0,0.0,0.0,0.0,0.0,0.0,0.0,0.0,0.0,0.0,0.0,0.0,0.0,0.0,0.0,0.0,0.0
Benzyl salicylate,N/A,N/A,N/A,N/A,N/A,N/A,N/A,N/A,N/A,N/A,N/A,N/A,N/A,N/A,,N/A,N/A,8363.0,118-58-1,C14H12O3,228.24,benzyl 2-hydroxybenzoate,,3.2,,,0.0,0.0,,Restricted,51st (2023),1.3,0.39,7.8,7.3,1.9,1.9,1.9,1.9,4.3,15.0,15.0,0.77,14.0,51.0,51.0,28.0,28.0,0.0
Benzylidene acetone,N/A,N/A,N/A,N/A,N/A,N/A,N/A,N/A,N/A,N/A,N/A,N/A,N/A,N/A,,N/A,N/A,15909.0,122-57-6,C10H10O,146.19,4-phenylbut-3-en-2-one,,2.1,,,0.0,0.0,,Prohibited,51st (2023),0.0,0.0,0.0,0.0,0.0,0.0,0.0,0.0,0.0,0.0,0.0,0.0,0.0,0.0,0.0,0.0,0.0,0.0
Bergamot,Citrus bergamia Risso,top,Citrus,"citrus,floral,fresh,green,light,orange,peel",Blender,"Linalyl acetate, Linalool","이탈리아, 열대아시아",압착법,"오렌지와 레몬 중간정도, 신선한 감귤계향",신선한 청귤 잎 갓 딴 (C→G),어린 감귤 | 신선. 갓 딴. 귤 잎 | 귤 까먹는 근데 신선한 초록 귤 | 처음N/A 엘리자베스아덴 그린티 생각남. 그 이후는 청귤. 귤 잎 하나를 딴 냄새 근데 좀 더 그린한.. 달지 않음. 그린함이 많음. 귤의 상큼함 | 싱그러움.,"{""distribution""N/A ""Italy"", ""climate""N/A ""Favourable. Well-drained soil and full sun to partial sun exposure"", ""feature""N/A ""Hybrid of Bitter Orange and Lemon"", ""height""N/A ""2-5m"", ""flower""N/A ""Winter. White. 5장"", ""fruit""N/A ""Ripen in the winter months(Nov.~Mar). Bitter than Grapefruit, less Sour than lemon. Greenish yellow skin. Orange size"", ""use""N/A ""Food as flavor, Tea, Perfume""}",Lime VS Bergamot | LimeN/A Fresh. Bitter. Less Sweet. Light | BergamotN/A Floral. Sweet,🌖,4.0,"perfume,tea_coffee,food,cosmetic",notion_manual,8294.0,115-95-7,C12H20O2,196.29,"3,7-dimethylocta-1,6-dien-3-yl acetate",,3.3,,,0.0,0.0,,N/A,N/A,0.0,0.0,0.0,0.0,0.0,0.0,0.0,0.0,0.0,0.0,0.0,0.0,0.0,0.0,0.0,0.0,0.0,0.0
Bergamot oil expressed,N/A,N/A,N/A,N/A,N/A,N/A,N/A,N/A,N/A,N/A,N/A,N/A,N/A,N/A,,N/A,N/A,,N/A,N/A,0.0,N/A,,0.0,,,0.0,0.0,,Restricted,51st (2023),0.4,0.4,0.4,0.4,0.4,0.4,0.4,0.4,0.4,0.0,0.4,0.4,0.0,0.0,0.4,0.0,0.4,0.0
Birch wood pyrolysate,N/A,N/A,N/A,N/A,N/A,N/A,N/A,N/A,N/A,N/A,N/A,N/A,N/A,N/A,,N/A,N/A,,N/A,N/A,0.0,N/A,,0.0,,,0.0,0.0,,Prohibited,51st (2023),0.0,0.0,0.0,0.0,0.0,0.0,0.0,0.0,0.0,0.0,0.0,0.0,0.0,0.0,0.0,0.0,0.0,0.0
Bitter Lemon,Citrus limon brum,top,Citrus,"fresh,가볍고 상쾌한 레몬N/A light",N/A,"Limonene, Citral","인도의 히말라야, 중국의 동남부에서 미얀마 북부 근방, 멕시코",압착법,"경쾌하고 신선한 레몬향, 드라이",레몬즙 가득한 사탕 깨문,레몬즙있는 사탕을 깨문 느낌. 폭발적으로 뿜어져 나옴. | 레몬향 많은 사탕 한 입 먹은 | 가볍고 상쾌한 레몬N/A Light/ Fresh | bitter. 씨앗 부근.,"{""distribution""N/A ""Northeast India (Assam)"", ""climate""N/A ""min 7 °C. sub-arid region. Unchanging climate region"", ""feature""N/A ""A hybrid between bitter orange (sour orange) and citron"", ""height""N/A ""3-6m"", ""flower""N/A ""White. May.~Oct"", ""fruit""N/A ""Ripen to Yellow. 1년에 6-10번 수확. Oct.~next Spring"", ""use""N/A ""Culinary usesN/A Juice, Pulp, and Rind. Aroma""}",N/A,🌗,3.0,"perfume,food,tea_coffee",notion_manual,22311.0,138-86-3,C10H16,136.23,1-methyl-4-prop-1-en-2-ylcyclohexene,,3.4,,,0.0,0.0,,N/A,N/A,0.0,0.0,0.0,0.0,0.0,0.0,0.0,0.0,0.0,0.0,0.0,0.0,0.0,0.0,0.0,0.0,0.0,0.0
Bitter Orange Flower,Citrus aurantium L.,middle,Floral,"citrus,fresh,image",N/A,"Linalool, Linalyyl acetate, Nerolidol","스페인, 포르투칼, 이탈리아, 남프랑스","용제추출법, 증류법","씁쓸하면서 드라이, 화이트플로럴, 그린",N/A,"쿰쿰. 꽃에서 나는 킁카킁카 코 깊숙히 박아. 약간의 찌린..? | Unsweet. 꽃 암수술 가까이 대서 맡는. 실제 꽃을 가까이 맡으면 이런 향이 날 거 같음. 일상에서 느껴질 거 같은 자연스러운 향. 약하게 Floral한 것도 느껴짐. | 조금 답답하게 느껴지기도 함. 엄청 맑고, fresh하진 않고, 포근. 푸근.",N/A,N/A,🌖,4.0,"perfume,cosmetic,pharmaceutical",notion_manual,6549.0,78-70-6,C10H18O,154.25,"3,7-dimethylocta-1,6-dien-3-ol",,2.7,,,0.0,0.0,,N/A,N/A,0.0,0.0,0.0,0.0,0.0,0.0,0.0,0.0,0.0,0.0,0.0,0.0,0.0,0.0,0.0,0.0,0.0,0.0
Bitter orange peel oil expressed,N/A,N/A,N/A,N/A,N/A,N/A,N/A,N/A,N/A,N/A,N/A,N/A,N/A,N/A,,N/A,N/A,,N/A,N/A,0.0,N/A,,0.0,,,0.0,0.0,,Restricted,51st (2023),1.25,1.25,1.25,1.25,1.25,1.25,1.25,1.25,1.25,0.0,1.25,1.25,0.0,0.0,1.25,0.0,1.25,0.0
Black tea,N/A,N/A,N/A,image,N/A,N/A,N/A,N/A,N/A,N/A,향긋함을 엄청 배가한 홍차,N/A,N/A,N/A,,"perfume,tea_coffee,cosmetic",notion_manual,,N/A,N/A,0.0,N/A,,0.0,,,0.0,0.0,,N/A,N/A,0.0,0.0,0.0,0.0,0.0,0.0,0.0,0.0,0.0,0.0,0.0,0.0,0.0,0.0,0.0,0.0,0.0,0.0
Blackberry,Rubus croceacanthus,middle,Fruity,image,N/A,N/A,"유럽, 아프리카, 아메리카",조합향료,"스윗, 슈가, 프루티",N/A,농축. 단 (설탕 한 바가지). 블루베리 모양처럼 생겼을 거 같음 | 좀 더 단정 Flat함. 단정하게 달달. 갇혀 있는 달달. 알찬 포도. 작은 동그라미 안에 갇힌 ● | Powdery. 농익은. 모던한 느낌. 새콤하지는 않으나 신선하고 다른 베리류의 향도 느껴지는?,N/A,N/A,🌗,3.0,"perfume,food,cosmetic",notion_manual,,N/A,N/A,0.0,N/A,,0.0,,,0.0,0.0,,N/A,N/A,0.0,0.0,0.0,0.0,0.0,0.0,0.0,0.0,0.0,0.0,0.0,0.0,0.0,0.0,0.0,0.0,0.0,0.0
Boldo oil,N/A,N/A,N/A,N/A,N/A,N/A,N/A,N/A,N/A,N/A,N/A,N/A,N/A,N/A,,N/A,N/A,,N/A,N/A,0.0,N/A,,0.0,,,0.0,0.0,,Prohibited,51st (2023),0.0,0.0,0.0,0.0,0.0,0.0,0.0,0.0,0.0,0.0,0.0,0.0,0.0,0.0,0.0,0.0,0.0,0.0
Bromostyrene,N/A,N/A,N/A,N/A,N/A,N/A,N/A,N/A,N/A,N/A,N/A,N/A,N/A,N/A,,N/A,N/A,7667.0,203-131-3,C8H7Br,183.04,2-bromoethenylbenzene,,2.9,,,0.0,0.0,,Prohibited,51st (2023),0.0,0.0,0.0,0.0,0.0,0.0,0.0,0.0,0.0,0.0,0.0,0.0,0.0,0.0,0.0,0.0,0.0,0.0
Cade oil,N/A,N/A,N/A,N/A,N/A,N/A,N/A,N/A,N/A,N/A,N/A,N/A,N/A,N/A,,N/A,N/A,,N/A,N/A,0.0,N/A,,0.0,,,0.0,0.0,,Prohibited,51st (2023),0.0,0.0,0.0,0.0,0.0,0.0,0.0,0.0,0.0,0.0,0.0,0.0,0.0,0.0,0.0,0.0,0.0,0.0
Carnation,Dianthus caryophyllus,middle,Floral,"carnation,image,powdery,soapy,strong,sweet",N/A,Eugenol,남유럽 및 서아시아의 지중해 연안,"증류법, 용제추출법","스파이시, 파우더리플로럴",N/A,Sweet (3초) → Clove | 약한 Clove. 화한?. 약간의 Floral | 파우더리. 약하게 화함,N/A,"| Carnation | VS | Clove | CarnationN/A 약하게 화함. floral. 향긋. | CloveN/A warm. 무게감이 더 Middle 쪽 (바디감이 있음). 좀 더 단단하고, 정체성이 분명한 느낌. 성숙한. | Carnation | VS | Civet Cat Oil | CarnationN/A floral. 향긋. | Civet cat oilN/A 좀 더 찌르는. 찌린내 더 강함. Civet이 더 아래 위치. 강렬함. 믈 비린 냄새.",🌗,3.0,"perfume,cosmetic",notion_manual,3314.0,97-53-0,C10H12O2,164.2,2-methoxy-4-prop-2-enylphenol,,2.0,,,0.0,0.0,,N/A,N/A,0.0,0.0,0.0,0.0,0.0,0.0,0.0,0.0,0.0,0.0,0.0,0.0,0.0,0.0,0.0,0.0,0.0,0.0
Carvomenthone,N/A,N/A,N/A,N/A,N/A,N/A,N/A,N/A,N/A,N/A,N/A,N/A,N/A,N/A,,N/A,N/A,10997258.0,207-887-5,C10H18O,154.25,"trans-(2R,5R)-2-methyl-5-propan-2-ylcyclohexan-1-one",,2.7,,,0.0,0.0,,Restricted,51st (2023),0.0019,0.0019,0.0019,1.9,0.079,0.0019,0.019,0.00064,0.027,0.0019,0.0019,0.00064,0.054,0.0019,0.0019,0.00064,0.00064,0.0019
Carvone,N/A,N/A,N/A,N/A,N/A,N/A,N/A,N/A,N/A,N/A,N/A,N/A,N/A,N/A,,N/A,N/A,7439.0,99-49-0,C10H14O,150.22,2-methyl-5-prop-1-en-2-ylcyclohex-2-en-1-one,,2.4,,,0.0,0.0,,Restricted,51st (2023),0.2,0.06,0.02,0.59,0.2,0.039,0.059,0.013,0.66,0.039,0.039,0.013,0.18,0.18,0.43,0.013,0.013,17.0
Carvone oxide,N/A,N/A,N/A,N/A,N/A,N/A,N/A,N/A,N/A,N/A,N/A,N/A,N/A,N/A,,N/A,N/A,100031.0,33204-74-9,C10H14O2,166.22,1-methyl-4-prop-1-en-2-yl-7-oxabicyclo[4.1.0]heptan-2-one,,1.6,,,0.0,0.0,,Prohibited,51st (2023),0.0,0.0,0.0,0.0,0.0,0.0,0.0,0.0,0.0,0.0,0.0,0.0,0.0,0.0,0.0,0.0,0.0,0.0
Carvyl acetate,N/A,N/A,N/A,N/A,N/A,N/A,N/A,N/A,N/A,N/A,N/A,N/A,N/A,N/A,,N/A,N/A,7335.0,97-42-7,C12H18O2,194.27,(2-methyl-5-prop-1-en-2-ylcyclohex-2-en-1-yl) acetate,,2.6,,,0.0,0.0,,Restricted,51st (2023),0.042,0.013,0.25,0.24,0.06,0.06,0.06,0.06,0.14,0.48,0.48,0.025,0.46,1.7,1.7,0.92,0.92,0.0
Cassis Fruits,Ribes nigrum L.,top,Fruity,"blackcurrant,fruity,green,sweet,tropical",N/A,"Car-3-ene, Caryochylene","유럽 중북부, 아시아 북부",조합 향료,"달콤하고 산뜻한 푸루티향, 레몬, 블랙커런트",N/A,"열대과일 → 이국, 동남아 | 뭉개져있는 흰 색 점성. 달달 파우더리. 포근함. 털 달린 향수 🥥 | 포근. 중간 무게. 부드럽게 엄청. 아주 약간 신 것도 느껴짐(블루베리나 베리류의). 신 건 튀기듯 날아간다고 표현.. ⇒ 포근하게 달달","{""distribution""N/A ""Central and Northern Europe and Northern Asia"", ""climate""N/A ""damp fertile soils"", ""feature""N/A ""containing many Vitamin C & polyphenol"", ""height""N/A ""1-2m"", ""flower""N/A ""Rose pink. having hairs"", ""fruit""N/A ""Jun.~July. Ripen with Black. EdibleN/A strong, tart. Containing many seeds"", ""use""N/A ""Usually Jam, Syrup""}",N/A,🌗,3.0,"perfume,food,cosmetic",notion_manual,,N/A,N/A,0.0,N/A,,0.0,,,0.0,0.0,,N/A,N/A,0.0,0.0,0.0,0.0,0.0,0.0,0.0,0.0,0.0,0.0,0.0,0.0,0.0,0.0,0.0,0.0,0.0,0.0
Cedarwood,"Cedrus livani, Cedrus atlantica",base,Woody,"dry,earthy,image,sandalwood,spicy,strong,공간감 좋음,확산성 ↓",N/A,"Cedrene, Cedrol",레바논,압착법,"비터, 우디, 드라이",N/A,그냥 우드 | 흙. 비 온 날. 향긋 N/A). 비 오는 날 향긋한 꽃이 안 보이는데 꽃 같은 뭔가 향긋함이 나는.. 길 걷는 느낌. | Mossy. 이끼. 흙의 쿰쿰함. 비 오는 날 장화신고 텃밭을 걷는 | 좀 더 잎. light. 숲 중간 높이 | 1% EO | Spicy | Strong | 단일 1가지만 배여있는 진함 (뭉쳐있음 발향 X). 장작 태운.,N/A,| Sandalwood | VS | 🌇 | Cedarwood | SandalwoodN/A 좀 더 바닐라 같이 생긴 (amber) 무게감이 낮지 않은 부드럽게 Creamy 향긋한 게 농축되어 있는데 비 와서 나뭇잎 솔의 향도 남. 차분. 잔잔. 숲 바닥. | CeaderwoodN/A 나무 껍질. 흙. 뿌리 쪽 느낌 냄새. 바디감도 더 낮음. 향긋한 부가적인 냄새 안 남.,🌕,5.0,"perfume,home_scent,fabric,cosmetic",notion_manual,521207.0,234-257-7,C15H24,204.35,"2,6,6,8-tetramethyltricyclo[5.3.1.01,5]undec-8-ene",,4.6,,,0.0,0.0,,N/A,N/A,0.0,0.0,0.0,0.0,0.0,0.0,0.0,0.0,0.0,0.0,0.0,0.0,0.0,0.0,0.0,0.0,0.0,0.0
Cedrene,N/A,N/A,N/A,N/A,N/A,N/A,N/A,N/A,N/A,N/A,N/A,N/A,N/A,N/A,,N/A,N/A,521207.0,234-257-7,C15H24,204.35,"2,6,6,8-tetramethyltricyclo[5.3.1.01,5]undec-8-ene",,4.6,,,0.0,0.0,,Restricted,51st (2023),0.27,0.08,1.6,1.5,0.38,0.38,0.38,0.38,0.88,3.1,3.1,0.16,2.9,11.0,11.0,5.8,5.8,0.0
Chenopodium oil,N/A,N/A,N/A,N/A,N/A,N/A,N/A,N/A,N/A,N/A,N/A,N/A,N/A,N/A,,N/A,N/A,,N/A,N/A,0.0,N/A,,0.0,,,0.0,0.0,,Prohibited,51st (2023),0.0,0.0,0.0,0.0,0.0,0.0,0.0,0.0,0.0,0.0,0.0,0.0,0.0,0.0,0.0,0.0,0.0,0.0
Cherry blossom,N/A,N/A,Floral,image,N/A,N/A,N/A,N/A,N/A,N/A,N/A,N/A,N/A,🌘,2.0,"perfume,cosmetic,home_scent",notion_manual,,N/A,N/A,0.0,N/A,,0.0,,,0.0,0.0,,N/A,N/A,0.0,0.0,0.0,0.0,0.0,0.0,0.0,0.0,0.0,0.0,0.0,0.0,0.0,0.0,0.0,0.0,0.0,0.0
Cinnamic alcohol,N/A,N/A,N/A,N/A,N/A,N/A,N/A,N/A,N/A,N/A,N/A,N/A,N/A,N/A,,N/A,N/A,5315892.0,104-54-1,C9H10O,134.17,(E)-3-phenylprop-2-en-1-ol,,1.9,,,0.0,0.0,,Restricted,51st (2023),0.22,0.067,0.25,1.2,0.32,0.25,0.25,0.085,0.13,0.25,0.25,0.085,0.76,0.76,2.0,0.085,0.085,51.0
Cinnamic aldehyde,N/A,N/A,N/A,N/A,N/A,N/A,N/A,N/A,N/A,N/A,N/A,N/A,N/A,N/A,,N/A,N/A,637511.0,104-55-2,C9H8O,132.16,(E)-3-phenylprop-2-enal,,1.9,,,0.0,0.0,,Restricted,51st (2023),0.045,0.014,0.021,0.25,0.064,0.042,0.064,0.014,0.15,0.17,0.17,0.014,0.49,0.49,1.8,0.014,0.014,0.0
Cinnamic aldehyde dimethyl acetal,N/A,N/A,N/A,N/A,N/A,N/A,N/A,N/A,N/A,N/A,N/A,N/A,N/A,N/A,,N/A,N/A,5463228.0,63511-93-3,C11H14O2,178.23,"[(E)-3,3-dimethoxyprop-1-enyl]benzene",,2.2,,,0.0,0.0,,Restricted,51st (2023),0.063,0.019,0.38,0.35,0.089,0.089,0.089,0.089,0.21,0.72,0.72,0.037,0.69,2.5,2.5,1.4,1.4,0.0
Cinnamon,Cinnamomum zeylanicum,middle,Spicy,"dry.,image",N/A,"Cinnamic aldehyde, Eugenol",스리랑카,증류법,"스윗, 스파이시, 파우더리",N/A,Dry. Cinamon.,N/A,N/A,🌗,3.0,"perfume,food,tea_coffee,pharmaceutical",notion_manual,637511.0,104-55-2,C9H8O,132.16,(E)-3-phenylprop-2-enal,,1.9,,,18575.0,68.0,2024.0,N/A,N/A,0.0,0.0,0.0,0.0,0.0,0.0,0.0,0.0,0.0,0.0,0.0,0.0,0.0,0.0,0.0,0.0,0.0,0.0
Cinnamyl nitrile,N/A,N/A,N/A,N/A,N/A,N/A,N/A,N/A,N/A,N/A,N/A,N/A,N/A,N/A,,N/A,N/A,1550846.0,4360-47-8,C9H7N,129.16,(E)-3-phenylprop-2-enenitrile,,2.0,,,0.0,0.0,,Restricted,51st (2023),0.077,0.023,0.46,0.43,0.11,0.11,0.11,0.11,0.25,0.88,0.88,0.045,0.84,3.0,3.0,1.7,1.7,0.0
Cinnamylidene acetone,N/A,N/A,N/A,N/A,N/A,N/A,N/A,N/A,N/A,N/A,N/A,N/A,N/A,N/A,,N/A,N/A,107512.0,224-036-3,C12H12O,172.22,"6-phenylhexa-3,5-dien-2-one",,2.7,,,0.0,0.0,,Prohibited,51st (2023),0.0,0.0,0.0,0.0,0.0,0.0,0.0,0.0,0.0,0.0,0.0,0.0,0.0,0.0,0.0,0.0,0.0,0.0
Citral,N/A,N/A,N/A,N/A,N/A,N/A,N/A,N/A,N/A,N/A,N/A,N/A,N/A,N/A,,N/A,N/A,638011.0,5392-40-5,C10H16O,152.23,"(2E)-3,7-dimethylocta-2,6-dienal",,3.0,,,0.0,0.0,,Restricted,51st (2023),0.11,0.032,0.1,0.6,0.15,0.15,0.15,0.051,0.35,0.2,0.2,0.051,1.2,1.2,4.2,0.051,0.051,0.0
Citronellal,N/A,N/A,N/A,N/A,N/A,N/A,N/A,N/A,N/A,N/A,N/A,N/A,N/A,N/A,,N/A,N/A,7794.0,106-23-0,C10H18O,154.25,"3,7-dimethyloct-6-enal",,3.0,,,0.0,0.0,,Restricted,51st (2023),0.41,0.16,0.026,0.49,0.33,0.051,0.1,0.017,0.82,0.077,0.077,0.017,1.4,1.4,2.3,0.017,0.017,0.0
Citronellol,N/A,N/A,N/A,N/A,N/A,N/A,N/A,N/A,N/A,N/A,N/A,N/A,N/A,N/A,,N/A,N/A,8842.0,106-22-9,C10H20O,156.26,"3,7-dimethyloct-6-en-1-ol",,3.2,,,0.0,0.0,,Restricted,51st (2023),2.2,0.67,13.0,12.0,3.2,3.2,3.2,3.2,7.3,25.0,25.0,1.3,24.0,87.0,87.0,48.0,48.0,0.0
Citronellyl acetate,N/A,N/A,N/A,N/A,N/A,N/A,N/A,N/A,N/A,N/A,N/A,N/A,N/A,N/A,,N/A,N/A,9017.0,150-84-5,C12H22O2,198.3,"3,7-dimethyloct-6-enyl acetate",,3.8,,,0.0,0.0,,Restricted,51st (2023),0.49,0.15,2.0,2.7,0.7,0.7,0.7,0.23,0.82,2.4,2.4,0.23,5.4,0.41,16.0,0.23,0.23,0.0
Citrus oils and other furocoumarins containing essential oils,N/A,N/A,N/A,N/A,N/A,N/A,N/A,N/A,N/A,N/A,N/A,N/A,N/A,N/A,,N/A,N/A,,N/A,N/A,0.0,N/A,,0.0,,,0.0,0.0,,Restricted,51st (2023),0.0,0.0,0.0,0.0,0.0,0.0,0.0,0.0,0.0,0.0,0.0,0.0,0.0,0.0,0.0,0.0,0.0,0.0
Civet Cat Oil,Viverra civetta,middle,Animal,"carnation,dry,fecal,image,metalic,spicy",Modifier,"Civetone, Mercaptane, Indole","아프리카, 남부 유럽, 아시아",사향고양이 생식선의 분비물로부터 향료 채취,"강하고 오일리, 애니멀노트, 동물 페로몬",N/A,신전. 화한. 강렬 | 진하다. | 찌린내가 강함.,N/A,| Carnation | VS | Civet Cat Oil | CarnationN/A floral. 향긋. | Civet cat oilN/A 좀 더 찌르는. 찌린내 더 강함. Civet이 더 아래 위치. 강렬함. 믈 비린 냄새.,🌗,3.0,perfume,notion_manual,5315941.0,542-46-1,C17H30O,250.4,(9Z)-cycloheptadec-9-en-1-one,,6.1,,,0.0,0.0,,N/A,N/A,0.0,0.0,0.0,0.0,0.0,0.0,0.0,0.0,0.0,0.0,0.0,0.0,0.0,0.0,0.0,0.0,0.0,0.0
Clove,"Syzygium aromaticum Merrill, Eugenia caryophylla Thunb",top,Spicy,"aromatic,balsamic,carnation,fruity,minty,phenolic,powdery,spicy,woody",N/A,EugenolEO의 72~90%를 차지. 정향 향을 가장 많이 담당하는 화합물. 125°C의 가압수에서 80분 동안 추출.,"인도네시아 몰루카 제도, 뉴기니아, 마다가스카르",증류법,"드라이, 스파이시",상처 치료 빨간약,무당•신앙•노래방 느낌을 줌. 실제 장소 냄새와 무관 | 빨간약,"{""distribution""N/A ""Maluku Islands and Moluccas, in Indonesia"", ""climate""N/A ""Humid tropical climate temperature 20-30°C, elevation 1000m)"", ""height""N/A ""8-12m"", ""flower""N/A ""Crimson(rich, deep red). The flower buds initially have a pale hue, gradually turn green, then transition to a bright red when ready for harvest"", ""use""N/A ""Analgesic. Spice. Flavoring. Clove Cigarette""}","Carnation VS Clove | Carnation | VS | Clove | CarnationN/A 약하게 화함. floral. 향긋. | CloveN/A warm. 무게감이 더 Middle 쪽 (바디감이 있음). 좀 더 단단하고, 정체성이 분명한 느낌. 성숙한.",🌗,3.0,"perfume,food,pharmaceutical,tea_coffee",notion_manual,3314.0,97-53-0,C10H12O2,164.2,2-methoxy-4-prop-2-enylphenol,,2.0,,,0.0,0.0,,N/A,N/A,0.0,0.0,0.0,0.0,0.0,0.0,0.0,0.0,0.0,0.0,0.0,0.0,0.0,0.0,0.0,0.0,0.0,0.0
Colophony,N/A,N/A,N/A,N/A,N/A,N/A,N/A,N/A,N/A,N/A,N/A,N/A,N/A,N/A,,N/A,N/A,,N/A,N/A,0.0,N/A,,0.0,,,0.0,0.0,,Prohibited,51st (2023),0.0,0.0,0.0,0.0,0.0,0.0,0.0,0.0,0.0,0.0,0.0,0.0,0.0,0.0,0.0,0.0,0.0,0.0
"Costus root oil, absolute and concrete",N/A,N/A,N/A,N/A,N/A,N/A,N/A,N/A,N/A,N/A,N/A,N/A,N/A,N/A,,N/A,N/A,,N/A,N/A,0.0,N/A,,0.0,,,0.0,0.0,,Prohibited,51st (2023),0.0,0.0,0.0,0.0,0.0,0.0,0.0,0.0,0.0,0.0,0.0,0.0,0.0,0.0,0.0,0.0,0.0,0.0
Coumarin,N/A,N/A,N/A,N/A,N/A,N/A,N/A,N/A,N/A,N/A,N/A,N/A,N/A,N/A,,N/A,N/A,323.0,91-64-5,C9H6O2,146.14,chromen-2-one,,1.4,,,0.0,0.0,,Restricted,51st (2023),0.089,0.08,0.089,1.5,0.38,0.11,0.16,0.035,0.0024,0.18,0.18,0.035,0.52,0.52,1.6,0.035,0.035,33.0
Cumin oil,N/A,N/A,N/A,N/A,N/A,N/A,N/A,N/A,N/A,N/A,N/A,N/A,N/A,N/A,,N/A,N/A,,N/A,N/A,0.0,N/A,,0.0,,,0.0,0.0,,Restricted,51st (2023),0.4,0.4,0.4,0.4,0.4,0.4,0.4,0.4,0.4,0.0,0.4,0.4,0.0,0.0,0.4,0.0,0.4,0.0
Cuminaldehyde,N/A,N/A,N/A,N/A,N/A,N/A,N/A,N/A,N/A,N/A,N/A,N/A,N/A,N/A,,N/A,N/A,326.0,122-03-2,C10H12O,148.2,4-propan-2-ylbenzaldehyde,,2.7,,,0.0,0.0,,Restricted,51st (2023),0.085,0.025,0.51,0.47,0.12,0.12,0.12,0.12,0.28,0.96,0.96,0.05,0.92,3.3,3.3,1.8,1.8,0.0
Cyclamen alcohol,N/A,N/A,N/A,N/A,N/A,N/A,N/A,N/A,N/A,N/A,N/A,N/A,N/A,N/A,,N/A,N/A,107334.0,4756-19-8,C13H20O,192.3,2-methyl-3-(4-propan-2-ylphenyl)propan-1-ol,,3.4,,,0.0,0.0,,Prohibited,51st (2023),0.0,0.0,0.0,0.0,0.0,0.0,0.0,0.0,0.0,0.0,0.0,0.0,0.0,0.0,0.0,0.0,0.0,0.0
Cyclamen aldehyde,N/A,N/A,N/A,N/A,N/A,N/A,N/A,N/A,N/A,N/A,N/A,N/A,N/A,N/A,,N/A,N/A,517827.0,103-95-7,C13H18O,190.28,2-methyl-3-(4-propan-2-ylphenyl)propanal,,3.3,,,0.0,0.0,,Restricted,51st (2023),0.11,0.14,0.038,0.95,0.45,0.076,0.076,0.025,0.076,0.076,0.076,0.025,0.23,0.23,0.72,0.025,0.025,16.0
Cyclohexadecanone,N/A,N/A,N/A,N/A,N/A,N/A,N/A,N/A,N/A,N/A,N/A,N/A,N/A,N/A,,N/A,N/A,75695.0,2550-52-9,C16H30O,238.41,cyclohexadecanone,,6.4,,,0.0,0.0,,Restricted,51st (2023),0.25,0.23,4.4,4.3,1.1,1.1,1.1,0.37,0.25,7.4,7.4,0.37,8.4,0.98,13.0,0.37,0.37,0.0
Cyclohexadecenone,N/A,N/A,N/A,N/A,N/A,N/A,N/A,N/A,N/A,N/A,N/A,N/A,N/A,N/A,,N/A,N/A,53750858.0,88642-03-9,C16H28O,236.39,cyclohexadec-2-en-1-one,,6.3,,,0.0,0.0,,Restricted,51st (2023),0.43,0.23,2.2,4.3,1.1,1.1,0.43,0.14,0.43,3.5,3.5,0.14,8.4,7.3,30.0,0.14,0.14,0.0
"Cyclohexanemethanol, 2,4-dimethyl-",N/A,N/A,N/A,N/A,N/A,N/A,N/A,N/A,N/A,N/A,N/A,N/A,N/A,N/A,,N/A,N/A,109418.0,68480-15-9,C9H18O,142.24,"(2,4-dimethylcyclohexyl)methanol",,2.6,,,0.0,0.0,,Restricted,51st (2023),0.0013,0.39,0.0013,0.0013,1.3,0.0013,0.0013,0.00043,0.0013,0.0013,0.0013,0.00043,3.1,3.1,0.0013,0.00043,0.00043,0.0013
Cyclopentadecanolide,N/A,N/A,N/A,N/A,N/A,N/A,N/A,N/A,N/A,N/A,N/A,N/A,N/A,N/A,,N/A,N/A,235414.0,106-02-5,C15H28O2,240.38,oxacyclohexadecan-2-one,,5.8,,,0.0,0.0,,Restricted,51st (2023),0.42,0.13,2.5,2.4,0.6,0.6,0.6,0.2,1.4,4.8,4.8,0.2,4.6,4.6,17.0,0.2,0.2,0.0
Dibenzyl ether,N/A,N/A,N/A,N/A,N/A,N/A,N/A,N/A,N/A,N/A,N/A,N/A,N/A,N/A,,N/A,N/A,7657.0,103-50-4,C14H14O,198.26,phenylmethoxymethylbenzene,,3.3,,,0.0,0.0,,Restricted,51st (2023),4e-05,0.0028,0.0002,0.012,0.0023,0.00024,0.00032,8.1e-05,0.0023,0.00093,0.00093,8.1e-05,0.0037,0.0037,0.0037,8.1e-05,8.1e-05,0.24
Diethyl maleate,N/A,N/A,N/A,N/A,N/A,N/A,N/A,N/A,N/A,N/A,N/A,N/A,N/A,N/A,,N/A,N/A,5271566.0,141-05-9,C8H12O4,172.18,diethyl (Z)-but-2-enedioate,,0.9,,,0.0,0.0,,Prohibited,51st (2023),0.0,0.0,0.0,0.0,0.0,0.0,0.0,0.0,0.0,0.0,0.0,0.0,0.0,0.0,0.0,0.0,0.0,0.0
Dihydrocoumarin,N/A,N/A,N/A,N/A,N/A,N/A,N/A,N/A,N/A,N/A,N/A,N/A,N/A,N/A,,N/A,N/A,660.0,119-84-6,C9H8O2,148.16,"3,4-dihydrochromen-2-one",,1.6,,,0.0,0.0,,Restricted,51st (2023),0.038,0.011,0.23,0.21,0.053,0.053,0.053,0.018,0.12,0.43,0.43,0.018,0.41,1.5,1.5,0.018,0.018,0.0
Dimethyl citraconate,N/A,N/A,N/A,N/A,N/A,N/A,N/A,N/A,N/A,N/A,N/A,N/A,N/A,N/A,,N/A,N/A,5355715.0,617-54-9,C7H10O4,158.15,dimethyl (Z)-2-methylbut-2-enedioate,,0.6,,,0.0,0.0,,Prohibited,51st (2023),0.0,0.0,0.0,0.0,0.0,0.0,0.0,0.0,0.0,0.0,0.0,0.0,0.0,0.0,0.0,0.0,0.0,0.0
Dimethyl octenone,N/A,N/A,N/A,N/A,N/A,N/A,N/A,N/A,N/A,N/A,N/A,N/A,N/A,N/A,,N/A,N/A,102844.0,2550-11-0,C10H18O,154.25,"4,7-dimethyloct-6-en-3-one",,2.9,,,0.0,0.0,,Restricted,51st (2023),0.18,0.1,0.37,1.9,0.48,0.37,0.48,0.12,0.18,0.55,0.55,0.12,1.5,0.73,2.4,0.12,0.12,0.0
Dimethylcyclohex-3-ene-1-carbaldehyde (mixed isomers),N/A,N/A,N/A,N/A,N/A,N/A,N/A,N/A,N/A,N/A,N/A,N/A,N/A,N/A,,N/A,N/A,,N/A,N/A,0.0,N/A,,0.0,,,0.0,0.0,,Restricted,51st (2023),0.45,0.14,2.7,2.5,0.64,0.64,0.64,0.64,1.5,5.2,5.2,0.27,4.9,18.0,18.0,9.8,9.8,0.0
Diphenylamine,N/A,N/A,N/A,N/A,N/A,N/A,N/A,N/A,N/A,N/A,N/A,N/A,N/A,N/A,,N/A,N/A,11487.0,122-39-4,C12H11N,169.22,N-phenylaniline,,3.5,,,0.0,0.0,,Prohibited,51st (2023),0.0,0.0,0.0,0.0,0.0,0.0,0.0,0.0,0.0,0.0,0.0,0.0,0.0,0.0,0.0,0.0,0.0,0.0
Esters of 2-Nonynoic acid (except Methyl octine carbonate),N/A,N/A,N/A,N/A,N/A,N/A,N/A,N/A,N/A,N/A,N/A,N/A,N/A,N/A,,N/A,N/A,,N/A,N/A,0.0,N/A,,0.0,,,0.0,0.0,,Prohibited,51st (2023),0.0,0.0,0.0,0.0,0.0,0.0,0.0,0.0,0.0,0.0,0.0,0.0,0.0,0.0,0.0,0.0,0.0,0.0
Esters of 2-Octynoic acid (except Methyl heptine carbonate),N/A,N/A,N/A,N/A,N/A,N/A,N/A,N/A,N/A,N/A,N/A,N/A,N/A,N/A,,N/A,N/A,,N/A,N/A,0.0,N/A,,0.0,,,0.0,0.0,,Prohibited,51st (2023),0.0,0.0,0.0,0.0,0.0,0.0,0.0,0.0,0.0,0.0,0.0,0.0,0.0,0.0,0.0,0.0,0.0,0.0
Estragole,N/A,N/A,N/A,N/A,N/A,N/A,N/A,N/A,N/A,N/A,N/A,N/A,N/A,N/A,,N/A,N/A,8815.0,140-67-0,C10H12O,148.2,1-methoxy-4-prop-2-enylbenzene,,3.4,,,0.0,0.0,,Restricted,51st (2023),0.00031,0.0025,0.00063,0.014,0.0022,0.00063,0.00063,0.00021,0.0019,0.00063,0.00063,0.00021,0.0041,0.00094,0.0022,0.00021,0.00021,0.11
Ethyl acrylate,N/A,N/A,N/A,N/A,N/A,N/A,N/A,N/A,N/A,N/A,N/A,N/A,N/A,N/A,,N/A,N/A,8821.0,140-88-5,C5H8O2,100.12,ethyl prop-2-enoate,,1.3,,,0.0,0.0,,Prohibited,51st (2023),0.0,0.0,0.0,0.0,0.0,0.0,0.0,0.0,0.0,0.0,0.0,0.0,0.0,0.0,0.0,0.0,0.0,0.0
Ethyl and Methyl furaneol,N/A,N/A,N/A,N/A,N/A,N/A,N/A,N/A,N/A,N/A,N/A,N/A,N/A,N/A,,N/A,N/A,93111.0,27538-09-6,C7H10O3,142.15,5-ethyl-4-hydroxy-2-methylfuran-3-one,,1.1,,,0.0,0.0,,Restricted,51st (2023),0.045,0.014,0.27,0.25,0.064,0.064,0.064,0.021,0.15,0.52,0.52,0.021,0.49,0.98,1.8,0.021,0.021,0.0
Ethyl isopropyl bicycloheptene-2-carboxylate,N/A,N/A,N/A,N/A,N/A,N/A,N/A,N/A,N/A,N/A,N/A,N/A,N/A,N/A,,N/A,N/A,15904484.0,116044-44-1,C13H20O2,208.3,ethyl 3-propan-2-ylbicyclo[2.2.1]hept-5-ene-2-carboxylate,,3.1,,,0.0,0.0,,Restricted,51st (2023),0.15,0.05,0.45,0.94,0.24,0.24,0.24,0.08,0.15,0.61,0.61,0.08,1.8,3.0,0.15,0.08,0.08,0.0
Ethylene glycol monoethyl ether and its acetate,N/A,N/A,N/A,N/A,N/A,N/A,N/A,N/A,N/A,N/A,N/A,N/A,N/A,N/A,,N/A,N/A,,N/A,N/A,0.0,N/A,,0.0,,,0.0,0.0,,Prohibited,51st (2023),0.0,0.0,0.0,0.0,0.0,0.0,0.0,0.0,0.0,0.0,0.0,0.0,0.0,0.0,0.0,0.0,0.0,0.0
Ethylene glycol monomethyl ether and its acetate,N/A,N/A,N/A,N/A,N/A,N/A,N/A,N/A,N/A,N/A,N/A,N/A,N/A,N/A,,N/A,N/A,,N/A,N/A,0.0,N/A,,0.0,,,0.0,0.0,,Prohibited,51st (2023),0.0,0.0,0.0,0.0,0.0,0.0,0.0,0.0,0.0,0.0,0.0,0.0,0.0,0.0,0.0,0.0,0.0,0.0
Eugenol,N/A,N/A,N/A,N/A,N/A,N/A,N/A,N/A,N/A,N/A,N/A,N/A,N/A,N/A,,N/A,N/A,3314.0,97-53-0,C10H12O2,164.2,2-methoxy-4-prop-2-enylphenol,,2.0,,,0.0,0.0,,Restricted,51st (2023),0.45,0.14,0.0,2.5,0.64,0.64,0.64,0.21,1.5,0.0,0.0,0.21,4.9,0.0,18.0,0.21,0.21,0.0
Farnesal,N/A,N/A,N/A,N/A,N/A,N/A,N/A,N/A,N/A,N/A,N/A,N/A,N/A,N/A,,N/A,N/A,68150.0,242-957-9,C15H24O,220.35,"3,7,11-trimethyldodeca-2,6,10-trienal",,4.9,,,0.0,0.0,,Restricted,51st (2023),0.11,0.032,0.11,0.6,0.15,0.15,0.15,0.051,0.11,0.34,0.34,0.051,0.57,0.57,4.2,0.051,0.051,0.0
Farnesol,N/A,N/A,N/A,N/A,N/A,N/A,N/A,N/A,N/A,N/A,N/A,N/A,N/A,N/A,,N/A,N/A,445070.0,4602-84-0,C15H26O,222.37,"(2E,6E)-3,7,11-trimethyldodeca-2,6,10-trien-1-ol",,4.8,,,0.0,0.0,,Restricted,51st (2023),0.21,0.062,1.2,1.2,0.29,0.29,0.29,0.29,0.68,2.4,2.4,0.12,2.3,8.1,8.1,4.5,4.5,0.0
Fig,Ficus carica L.,top,Fruity,"berry,fig,fruity,honey,nutty,seedy",N/A,Ethyl maltol,"지중해연안, 아열대지방, 터키, 북아프리카(이집트, 모로코, 알제리)",조합 향료,달콤한 과일향,N/A,"다채로움. 실내. 분명 어디서 맡아봄 근데 아직 모르겠음. | 하얀. 향긋. 꽃 꿀. 부드럽게 풍겨지는. 연핑크. 하얀. 이어지는. 무화과 속살 연한 색 같음. softpink powder. 어린 소녀. 하얀 옷 입은 소녀가 무화과 한 입 베어문. 옷에 묻어 남은 잔향 무화과로 물든. 그래서 소녀의 파우더리 하고 무화과의 꿀, 달달한 느낌까지 있음. 밝은 햇살. 아침. 그걸로 빤. 세제와도 잘 어울림. 햇살 가득한 날, 선선한 바람 붐. 엄청 덥지 않음. | ⇒ 햇살 가득한 날 어린 소녀가 맘껏 과즙 튀기며 먹은 무화과가 배인 옷. | 어린 소녀가 맘껏 과즙 튀기며 먹은 무화과가 옷에 배인 햇살 가득한 날. | 햇살 가득한 날, 양껏 먹은 무화과가 물든 어린 소녀 옷.","{""distribution""N/A ""Mediterranean region, western and southern Asia"", ""climate""N/A ""can be grown even in hot-summer continental climates. grows wild in dry and sunny locations with deep and fresh soil, and in rocky locations"", ""height""N/A ""2-4m, grow up to 7-10m"", ""flower""N/A ""The tiny flowers bloom inside this cup-like structure. May.-Jun"", ""fruit""N/A ""green skin. ripen toward purple or brown. sweet soft reddish flesh containing numerous crunchy seeds. late summer-early autumn. Aug.-Oct. 5-8cm"", ""use""N/A ""Raw. Dried. Jam. Dessert""}",N/A,🌖,4.0,"perfume,food,cosmetic",notion_manual,,N/A,N/A,0.0,N/A,,0.0,,,0.0,0.0,,N/A,N/A,0.0,0.0,0.0,0.0,0.0,0.0,0.0,0.0,0.0,0.0,0.0,0.0,0.0,0.0,0.0,0.0,0.0,0.0
Fig leaf absolute,N/A,N/A,N/A,N/A,N/A,N/A,N/A,N/A,N/A,N/A,N/A,N/A,N/A,N/A,,N/A,N/A,,N/A,N/A,0.0,N/A,,0.0,,,0.0,0.0,,Prohibited,51st (2023),0.0,0.0,0.0,0.0,0.0,0.0,0.0,0.0,0.0,0.0,0.0,0.0,0.0,0.0,0.0,0.0,0.0,0.0
Furfural,N/A,N/A,N/A,N/A,N/A,N/A,N/A,N/A,N/A,N/A,N/A,N/A,N/A,N/A,,N/A,N/A,7362.0,98-01-1,C5H4O2,96.08,furan-2-carbaldehyde,,0.4,,,0.0,0.0,,Restricted,51st (2023),0.001,0.001,0.001,0.001,0.001,0.001,0.001,0.001,0.001,0.001,0.001,0.001,0.001,0.001,0.001,0.001,0.001,0.05
Furfuryl alcohol,N/A,N/A,N/A,N/A,N/A,N/A,N/A,N/A,N/A,N/A,N/A,N/A,N/A,N/A,,N/A,N/A,7361.0,98-00-0,C5H6O2,98.1,furan-2-ylmethanol,,0.3,,,0.0,0.0,,Prohibited,51st (2023),0.0,0.0,0.0,0.0,0.0,0.0,0.0,0.0,0.0,0.0,0.0,0.0,0.0,0.0,0.0,0.0,0.0,0.0
Furfurylidene acetone,N/A,N/A,N/A,N/A,N/A,N/A,N/A,N/A,N/A,N/A,N/A,N/A,N/A,N/A,,N/A,N/A,212930.0,210-774-3,C8H8O2,136.15,4-(furan-2-yl)but-3-en-2-one,,1.4,,,0.0,0.0,,Prohibited,51st (2023),0.0,0.0,0.0,0.0,0.0,0.0,0.0,0.0,0.0,0.0,0.0,0.0,0.0,0.0,0.0,0.0,0.0,0.0
Galbanum Plant,Ferula galbanifulua,top,Green,"pecal,시금치 5만개 삶은 물",N/A,"Pinene, Cadinol, Myrcene","중근동, 서아시아, 이란, 터키, 아프가니스탄, 지중해","용제 추출, 증류법","프레쉬, 그린, 스모키, 나무뿌리, 모시",N/A,Pecal/ 시금치 5만개 삶은 물 | 고무같은 느낌도 난다. | 줄기. 엄청난 그린(줄기 벤) 파릇파릇 푸릇푸릇. 식물 밑 둥. 또렷. 실제 식물의 그린함. 개성 확실함. 식물 진액 냄새. 식물 50장 빻은 느낌.,"{""distribution""N/A ""Iran"", ""climate""N/A ""grow plentifully on the slopes of the mountain ranges of northern Iran"", ""feature""N/A ""Herb. Galbanum is a gum-like material (resin) from the roots and trunk of a tree"", ""height""N/A ""1m"", ""use""N/A ""Galbanum might reduce swelling and help fight certain types of bacteria""}",N/A,🌗,3.0,"perfume,cosmetic",notion_manual,15837102.0,N/A,C10H16,136.23,"2,6,6-trimethylbicyclo[3.1.1]hept-1-ene",,2.6,,,0.0,0.0,,N/A,N/A,0.0,0.0,0.0,0.0,0.0,0.0,0.0,0.0,0.0,0.0,0.0,0.0,0.0,0.0,0.0,0.0,0.0,0.0
Gardenia,N/A,N/A,N/A,image,N/A,N/A,N/A,N/A,N/A,N/A,나르코틱. Ylanylang 같은,N/A,N/A,N/A,,"perfume,cosmetic,home_scent",notion_manual,,N/A,N/A,0.0,N/A,,0.0,,,0.0,0.0,,N/A,N/A,0.0,0.0,0.0,0.0,0.0,0.0,0.0,0.0,0.0,0.0,0.0,0.0,0.0,0.0,0.0,0.0,0.0,0.0
Geraniol,N/A,N/A,N/A,N/A,N/A,N/A,N/A,N/A,N/A,N/A,N/A,N/A,N/A,N/A,,N/A,N/A,637566.0,106-24-1,C10H18O,154.25,"(2E)-3,7-dimethylocta-2,6-dien-1-ol",,2.9,,,0.0,0.0,,Restricted,51st (2023),0.78,0.25,1.1,4.7,1.2,0.78,0.94,0.26,0.16,0.78,0.78,0.26,2.8,1.1,5.3,0.26,0.26,0.0
Geranium,Pelargonium graveolens,middle,Floral,"green,image,may,powdery",N/A,"Geraniol, Citronellol",남아프리카,증류법,"로즈와 잘 어울림, 플로럴, 허벌, 그린",N/A,"물 많은 복숭아•자몽 → 시골길 가는 소풍 → Rose → Powdery | 젤리 (하리보) | Green함. 살짝 꿀 같이 Sweet함. Mayrose 같음. 향긋한 비눗물 다채로워서. | floral. herbal한 냄새. middle 중반 무게감, 계절감 있을 때 사용하기 좋을 듯. 다채로운 향. | 다양한 향이 결합되어 있음. 후반으로 갈수록 green. light. fresh",N/A,"| May Rose | VS | 🚑 | Geranium | May RoseN/A 더 Light(top-mid 경계), 옅음, Juicy. 피어오르는 rose의 Sweet. | GeraniumN/A 더 무게감 있음(Middle). 향취가 더 잘 느껴짐. 계절감. Boundary 넓은 sweet 보유. 좀 더 age(20-30대)",🌖,4.0,"perfume,cosmetic,pharmaceutical",notion_manual,637566.0,106-24-1,C10H18O,154.25,"(2E)-3,7-dimethylocta-2,6-dien-1-ol",,2.9,,,0.0,0.0,,N/A,N/A,0.0,0.0,0.0,0.0,0.0,0.0,0.0,0.0,0.0,0.0,0.0,0.0,0.0,0.0,0.0,0.0,0.0,0.0
Geranyl nitrile,N/A,N/A,N/A,N/A,N/A,N/A,N/A,N/A,N/A,N/A,N/A,N/A,N/A,N/A,,N/A,N/A,21768.0,225-918-0,C10H15N,149.23,"3,7-dimethylocta-2,6-dienenitrile",,3.3,,,0.0,0.0,,Prohibited,51st (2023),0.0,0.0,0.0,0.0,0.0,0.0,0.0,0.0,0.0,0.0,0.0,0.0,0.0,0.0,0.0,0.0,0.0,0.0
Ginger,Zingiber officinale,middle,Spicy,image,N/A,"Ocimene, α-Zingibrene, Geranial",열대 아시아,증류법,"스파이시, 얼시",N/A,자극적이지 않고 편안하게 다가옴. Woody? Mossy?하다. 따뜻한 느낌. 생강 껍질 깎았을 때 나는 약하게. | 생강 흙. warm. 텁텁? 가루가 코에 헙 들어오는 거 같은. 텁텁함? | warm. 따뜻. 포근. 뜨근한 이불 방 안에 있는.,N/A,N/A,🌖,4.0,"perfume,food,tea_coffee,pharmaceutical",notion_manual,6434062.0,29714-87-2,C10H16,136.23,"(3E,5E)-3,7-dimethylocta-1,3,5-triene",,4.1,,,0.0,0.0,,N/A,N/A,0.0,0.0,0.0,0.0,0.0,0.0,0.0,0.0,0.0,0.0,0.0,0.0,0.0,0.0,0.0,0.0,0.0,0.0
Grapefruit,Citrus paradisi Macf.,top,Citrus,"aldehydic,bitter,citrus,dry(?),fruity,green.,orange,terpenic,tropical,자몽 거품 많은 바디워시,화장실 향 스프레이",Modifier,Limonene,"서인도제도 바르바도, 중국> 베트남> 멕시코, 미국",압착법,"시트러스, 파우더리, 자몽껍질",거품 많은 자몽 바디워시 가득 메운,농장. 비닐하우스. 여름 → 시트러스 | 자몽 거품 많은 바디워시/ 화장실 향 스프레이 | citrus. light. fresh. bitter. bubble. 자몽향으로 가득 메움. 전환이 빠름!,"{""distribution""N/A ""Barbados (Island country in the West Indies)"", ""climate""N/A ""best in warm, subtropical climates"", ""feature""N/A ""Hybrid of Sweet Orange and the Pomelo(like mild Grapefruit, East Asia, 15-25cm) in 17C"", ""height""N/A ""5-6m"", ""flower""N/A ""5 cm white four-petaled flowers"", ""fruit""N/A ""Yellow-orange skinned. 10-15cm. white, pink, and red pulps of varying sweetness"", ""use""N/A ""Juice""}",N/A,🌗,3.0,"perfume,food,cosmetic,pharmaceutical",notion_manual,22311.0,138-86-3,C10H16,136.23,1-methyl-4-prop-1-en-2-ylcyclohexene,,3.4,,,10062.0,286.0,2024.0,N/A,N/A,0.0,0.0,0.0,0.0,0.0,0.0,0.0,0.0,0.0,0.0,0.0,0.0,0.0,0.0,0.0,0.0,0.0,0.0
Grapefruit oil expressed,N/A,N/A,N/A,N/A,N/A,N/A,N/A,N/A,N/A,N/A,N/A,N/A,N/A,N/A,,N/A,N/A,,N/A,N/A,0.0,N/A,,0.0,,,0.0,0.0,,Restricted,51st (2023),4.0,4.0,4.0,4.0,4.0,4.0,4.0,4.0,4.0,0.0,4.0,4.0,0.0,0.0,4.0,0.0,4.0,0.0
Green Note,N/A,top,Green,N/A,N/A,cis-3-Hexenol,N/A,조합 향료,"파우더리, 그린, 아니시",N/A,풍선껌 씹을 때 공기 → 향신료 Dry(cool) | 허브처럼 시원함. 이른 새벽 등산한. 매운 느낌. 가볍지 않음. 이국적인 느낌. 고수같은 | spicy. herb. cool. 새벽 이슬. 수풀. | 수풀 냄새. 야외 에프킬라 여름 캠핑장. 엄청 그린함. 풀잎 벤. 시원. 새벽공기.,N/A,N/A,🌗,3.0,"perfume,cosmetic",notion_manual,,N/A,N/A,0.0,N/A,,0.0,,,0.0,0.0,,N/A,N/A,0.0,0.0,0.0,0.0,0.0,0.0,0.0,0.0,0.0,0.0,0.0,0.0,0.0,0.0,0.0,0.0,0.0,0.0
Green Tea,Camellia sinensis O. Kuntze,top,Green,"floral,fresh,green,green tea,image,sweet,tea",N/A,"Indole, Linalool, cis-3-Hexenyl hexanoate, cis-3-hexenol","중국, 인도, 일본, 실론, 자바 등 아시아 지역",조합향료,"그린, 프레쉬, 레몬, 로즈",N/A,비누 → 싱그럽고 조각조각 향이 더해짐 | 아침 밝은 연두색. 아침에 맡은 녹차밭 이슬. 갈수록 Green ↑. 약간의 어린 잎이 가지고 있을 (여린) 쌉싸름한 맛도 있다. 아침에 간 이슬 가득한 어린 녹차밭에서 바람이 일렁일렁 분 모습. | 싱그러움. 녹차수. 비누 같음.,"{""distribution""N/A ""China""}",N/A,🌗,3.0,"perfume,cosmetic,tea_coffee,pharmaceutical",notion_manual,,N/A,N/A,0.0,N/A,,0.0,,,0.0,0.0,,N/A,N/A,0.0,0.0,0.0,0.0,0.0,0.0,0.0,0.0,0.0,0.0,0.0,0.0,0.0,0.0,0.0,0.0,0.0,0.0
Hexahydrocoumarin,N/A,N/A,N/A,N/A,N/A,N/A,N/A,N/A,N/A,N/A,N/A,N/A,N/A,N/A,,N/A,N/A,69694.0,700-82-3,C9H12O2,152.19,"3,4,5,6,7,8-hexahydrochromen-2-one",,1.3,,,0.0,0.0,,Prohibited,51st (2023),0.0,0.0,0.0,0.0,0.0,0.0,0.0,0.0,0.0,0.0,0.0,0.0,0.0,0.0,0.0,0.0,0.0,0.0
Hexyl salicylate,N/A,N/A,N/A,N/A,N/A,N/A,N/A,N/A,N/A,N/A,N/A,N/A,N/A,N/A,,N/A,N/A,22629.0,6259-76-3,C13H18O3,222.28,hexyl 2-hydroxybenzoate,,5.7,,,0.0,0.0,,Restricted,51st (2023),0.092,0.8,0.25,6.5,2.7,0.3,0.46,0.1,0.0092,0.38,0.38,0.1,1.2,1.2,2.2,0.1,0.1,64.0
Honeysuckle,Lonicera japonica,middle,Floral,image,N/A,N/A,"유럽 중남부, 북아프리카",용제추출법,가볍고 신선한 그린 플로럴,N/A,Fresh. Light. 은은하게 달콤한. 청초 | 기분 좋은 침구 정리. 오후. 달달. | 달달. 꽃의? 은은 달콤,N/A,N/A,🌖,4.0,"perfume,cosmetic,home_scent",notion_manual,,N/A,N/A,0.0,N/A,,0.0,,,0.0,0.0,,N/A,N/A,0.0,0.0,0.0,0.0,0.0,0.0,0.0,0.0,0.0,0.0,0.0,0.0,0.0,0.0,0.0,0.0,0.0,0.0
Hyacinth,Hyacinthus orientalis,middle,Floral,image,N/A,"Benzyl alcohol, Benzyl acetate","시리아, 터키, 그리스","냉침법, 용제추출법","프레쉬, 신선한 그린 플로럴",N/A,"깨끗한 느낌의. 달지 않은. 약간 신(실제로는 안 신데 뭔가 그렇게 느껴짐). 작은 하얀 꽃들의 | 무난? 평범한데. 살 냄새랑 잘 어울리 듯. 비 오는 날 향이 더 배가 될 거 같음. | 비오는 날, 방 안에서 창 밖 바라봄. 식물에서 풍겨오는 달달",N/A,N/A,🌖,4.0,"perfume,cosmetic,home_scent",notion_manual,244.0,100-51-6,C7H8O,108.14,phenylmethanol,,1.1,,,0.0,0.0,,N/A,N/A,0.0,0.0,0.0,0.0,0.0,0.0,0.0,0.0,0.0,0.0,0.0,0.0,0.0,0.0,0.0,0.0,0.0,0.0
"Hydroabietyl alcohol, Dihydroabietyl alcohol",N/A,N/A,N/A,N/A,N/A,N/A,N/A,N/A,N/A,N/A,N/A,N/A,N/A,N/A,,N/A,N/A,114506.0,13393-93-6,C20H36O,292.5,"[(1R,4aR,4bS,10aR)-1,4a-dimethyl-7-propan-2-yl-2,3,4,4b,5,6,7,8,8a,9,10,10a-dodecahydrophenanthren-1-yl]methanol",,6.7,,,0.0,0.0,,Prohibited,51st (2023),0.0,0.0,0.0,0.0,0.0,0.0,0.0,0.0,0.0,0.0,0.0,0.0,0.0,0.0,0.0,0.0,0.0,0.0
Hydroquinone monoethyl ether,N/A,N/A,N/A,N/A,N/A,N/A,N/A,N/A,N/A,N/A,N/A,N/A,N/A,N/A,,N/A,N/A,12150.0,210-748-1,C8H10O2,138.16,4-ethoxyphenol,,1.8,,,0.0,0.0,,Prohibited,51st (2023),0.0,0.0,0.0,0.0,0.0,0.0,0.0,0.0,0.0,0.0,0.0,0.0,0.0,0.0,0.0,0.0,0.0,0.0
Hydroquinone monomethyl ether,N/A,N/A,N/A,N/A,N/A,N/A,N/A,N/A,N/A,N/A,N/A,N/A,N/A,N/A,,N/A,N/A,9015.0,150-76-5,C7H8O2,124.14,4-methoxyphenol,,1.3,,,0.0,0.0,,Prohibited,51st (2023),0.0,0.0,0.0,0.0,0.0,0.0,0.0,0.0,0.0,0.0,0.0,0.0,0.0,0.0,0.0,0.0,0.0,0.0
Hydroxycitronellal,N/A,N/A,N/A,N/A,N/A,N/A,N/A,N/A,N/A,N/A,N/A,N/A,N/A,N/A,,N/A,N/A,7888.0,107-75-5,C10H20O2,172.26,"7-hydroxy-3,7-dimethyloctanal",,1.6,,,0.0,0.0,,Restricted,51st (2023),0.38,0.11,2.3,2.1,0.53,0.53,0.53,0.18,1.2,1.6,1.6,0.18,4.1,0.78,7.8,0.18,0.18,0.0
Iris,Iris pallida,base,Floral,"image,mossy,powdery",N/A,"Myristic acid, α-Irone, Oleic acid","남유럽, 서아시아",증류법,"오일리, 뿌리, 우디, 파우더리",N/A,"Powdery(애기엉덩이 X, 화장품 O) ↔ Mossy가 계속 바뀜. | Amber 같은 느낌. 강하지는 않고, Balsam. Soft. 뿌리. Earthy. 분 느낌. 단아? 단조롭다?. 지속성이 있음. | 파우더리. 분. | 깨끗한 느낌의",N/A,N/A,🌗,3.0,"perfume,cosmetic",notion_manual,11005.0,544-63-8,C14H28O2,228.37,tetradecanoic acid,,5.3,,,0.0,0.0,,N/A,N/A,0.0,0.0,0.0,0.0,0.0,0.0,0.0,0.0,0.0,0.0,0.0,0.0,0.0,0.0,0.0,0.0,0.0,0.0
Isobutyl N-methylanthranylate,N/A,N/A,N/A,N/A,N/A,N/A,N/A,N/A,N/A,N/A,N/A,N/A,N/A,N/A,,N/A,N/A,522171.0,65505-24-0,C12H17NO2,207.27,2-methylpropyl 2-(methylamino)benzoate,,3.6,,,0.0,0.0,,No Restriction,51st (2023),0.0,0.0,0.0,0.0,0.0,0.0,0.0,0.0,0.0,0.0,0.0,0.0,0.0,0.0,0.0,0.0,0.0,0.0
Isobutyl cinnamate,N/A,N/A,N/A,N/A,N/A,N/A,N/A,N/A,N/A,N/A,N/A,N/A,N/A,N/A,,N/A,N/A,778574.0,122-67-8,C13H16O2,204.26,2-methylpropyl (E)-3-phenylprop-2-enoate,,4.0,,,0.0,0.0,,Restricted,51st (2023),0.22,0.066,1.3,1.2,0.32,0.32,0.32,0.11,0.73,2.5,2.5,0.11,2.4,0.55,0.55,0.11,0.11,0.0
Isocyclocitral,N/A,N/A,N/A,N/A,N/A,N/A,N/A,N/A,N/A,N/A,N/A,N/A,N/A,N/A,,N/A,N/A,16204527.0,1335-66-6,C20H32O2,304.5,"2,4,6-trimethylcyclohex-3-ene-1-carbaldehyde;3,5,6-trimethylcyclohex-3-ene-1-carbaldehyde",,0.0,,,0.0,0.0,,Restricted,51st (2023),0.54,0.16,3.2,3.0,0.76,0.76,0.76,0.76,1.8,6.1,6.1,0.32,5.9,21.0,21.0,12.0,12.0,0.0
Isocyclogeraniol,N/A,N/A,N/A,N/A,N/A,N/A,N/A,N/A,N/A,N/A,N/A,N/A,N/A,N/A,,N/A,N/A,109458.0,68527-77-5,C10H18O,154.25,"(2,4,6-trimethylcyclohex-3-en-1-yl)methanol",,2.0,,,0.0,0.0,,Restricted,51st (2023),0.29,0.087,1.8,1.6,0.41,0.41,0.41,0.41,0.96,3.3,3.3,0.17,3.2,11.0,11.0,6.3,6.3,0.0
Isoeugenol,N/A,N/A,N/A,N/A,N/A,N/A,N/A,N/A,N/A,N/A,N/A,N/A,N/A,N/A,,N/A,N/A,853433.0,97-54-1,C10H12O2,164.2,2-methoxy-4-[(E)-prop-1-enyl]phenol,,2.6,,,0.0,0.0,,Restricted,51st (2023),0.019,0.0057,0.12,0.11,0.027,0.027,0.027,0.009,0.063,0.22,0.22,0.009,0.21,0.21,0.75,0.009,0.009,0.0
Isoeugenyl acetate,N/A,N/A,N/A,N/A,N/A,N/A,N/A,N/A,N/A,N/A,N/A,N/A,N/A,N/A,,N/A,N/A,7137.0,93-29-8,C12H14O3,206.24,(2-methoxy-4-prop-1-enylphenyl) acetate,,2.4,,,0.0,0.0,,Restricted,51st (2023),0.18,0.053,0.061,0.99,0.25,0.061,0.082,0.02,0.02,0.061,0.061,0.02,0.2,0.061,0.45,0.02,0.02,16.0
Isopentylcyclohexanone,N/A,N/A,N/A,N/A,N/A,N/A,N/A,N/A,N/A,N/A,N/A,N/A,N/A,N/A,,N/A,N/A,27941.0,16587-71-6,C11H20O,168.28,4-(2-methylbutan-2-yl)cyclohexan-1-one,,2.9,,,0.0,0.0,,Restricted,51st (2023),0.027,0.008,0.16,0.15,0.038,0.038,0.038,0.013,0.061,0.24,0.24,0.013,0.29,0.061,1.1,0.013,0.013,61.0
Isophorone,N/A,N/A,N/A,N/A,N/A,N/A,N/A,N/A,N/A,N/A,N/A,N/A,N/A,N/A,,N/A,N/A,6544.0,78-59-1,C9H14O,138.21,"3,5,5-trimethylcyclohex-2-en-1-one",,1.6,,,0.0,0.0,,Prohibited,51st (2023),0.0,0.0,0.0,0.0,0.0,0.0,0.0,0.0,0.0,0.0,0.0,0.0,0.0,0.0,0.0,0.0,0.0,0.0
Ivy,Hedera rhombea,middle,Floral,image,N/A,N/A,N/A,N/A,"모시, 우디, 그린, 플로럴 노트와 어코드 좋음",N/A,되게 진함. 코에 깊게 들어옴. 너무 진해서 역함. 별로였는데 잔향이 맡아보니 또 그렇게 별로이진 않음. | 얇은 pvc 비닐. 뿌리. 얇은 뿌리 식물 흙 묻은. 고무 같음. 고무 냄새?,N/A,N/A,🌗,3.0,"perfume,cosmetic",notion_manual,46219816.0,N/A,C20H12F4N4O,400.3,3-[2-(2-fluorophenyl)pyrazol-3-yl]-1-[3-(trifluoromethyl)phenyl]pyridazin-4-one,,4.5,,,0.0,0.0,,N/A,N/A,0.0,0.0,0.0,0.0,0.0,0.0,0.0,0.0,0.0,0.0,0.0,0.0,0.0,0.0,0.0,0.0,0.0,0.0
Jasmin,Jasminum officinale,middle,Floral,"1. fecal,image,powdery",Base,"Benzyl acetate, d-Linalool, Indole",인도의 히말라야,용제추출법,화려한 플라워리 애니멀릭,N/A,진한데 부드러움. 화장실 조향 향 | 시원해. 진한데 감싸는 느낌.,N/A,"| 💹 | Jasmin | VS | ⛵ | Ylang Ylang | JasminN/A 파우더리함. 포근함. 잔잔..하게 퍼져있는. Top과 가까움. Sweet. | Ylang YlangN/A 좀 더 화(뜨겁?)하고, 좀 더 코에 잘 욱여넣는(수직적으로 분사? 분출?). 좀 더 세기가 강함. 더 Heavy. Animal.",🌗,3.0,"perfume,cosmetic,tea_coffee",notion_manual,8785.0,140-11-4,C9H10O2,150.17,benzyl acetate,,2.0,,,28554.0,74.0,2025.0,N/A,N/A,0.0,0.0,0.0,0.0,0.0,0.0,0.0,0.0,0.0,0.0,0.0,0.0,0.0,0.0,0.0,0.0,0.0,0.0
Jasmin sambae,N/A,N/A,N/A,image,N/A,N/A,N/A,N/A,N/A,N/A,강아지 냄새 + 향긋,N/A,N/A,🌗,3.0,"perfume,tea_coffee,cosmetic",notion_manual,,N/A,N/A,0.0,N/A,,0.0,,,0.0,0.0,,N/A,N/A,0.0,0.0,0.0,0.0,0.0,0.0,0.0,0.0,0.0,0.0,0.0,0.0,0.0,0.0,0.0,0.0,0.0,0.0
Jasmine absolute (grandiflorum),N/A,N/A,N/A,N/A,N/A,N/A,N/A,N/A,N/A,N/A,N/A,N/A,N/A,N/A,,N/A,N/A,,N/A,N/A,0.0,N/A,,0.0,,,0.0,0.0,,Restricted,51st (2023),0.11,0.032,0.65,0.6,0.15,0.15,0.15,0.15,0.35,1.2,1.2,0.063,1.2,4.2,4.2,2.3,2.3,0.0
Jasmine absolute (sambac),N/A,N/A,N/A,N/A,N/A,N/A,N/A,N/A,N/A,N/A,N/A,N/A,N/A,N/A,,N/A,N/A,,N/A,N/A,0.0,N/A,,0.0,,,0.0,0.0,,Restricted,51st (2023),0.68,0.2,4.1,3.8,0.96,0.96,0.96,0.96,2.2,7.7,7.7,0.4,7.4,26.0,26.0,15.0,15.0,0.0
Juniper berry,N/A,N/A,N/A,image,N/A,N/A,N/A,N/A,N/A,N/A,버블껌,N/A,N/A,🌗,3.0,"perfume,food,pharmaceutical",notion_manual,,N/A,N/A,0.0,N/A,,0.0,,,0.0,0.0,,N/A,N/A,0.0,0.0,0.0,0.0,0.0,0.0,0.0,0.0,0.0,0.0,0.0,0.0,0.0,0.0,0.0,0.0,0.0,0.0
Leather,N/A,N/A,N/A,image,N/A,N/A,N/A,N/A,N/A,N/A,베토오빠 향,N/A,N/A,N/A,,perfume,notion_manual,,N/A,N/A,0.0,N/A,,0.0,,,0.0,0.0,,N/A,N/A,0.0,0.0,0.0,0.0,0.0,0.0,0.0,0.0,0.0,0.0,0.0,0.0,0.0,0.0,0.0,0.0,0.0,0.0
Lemon oil cold pressed,N/A,N/A,N/A,N/A,N/A,N/A,N/A,N/A,N/A,N/A,N/A,N/A,N/A,N/A,,N/A,N/A,,N/A,N/A,0.0,N/A,,0.0,,,0.0,0.0,,Restricted,51st (2023),2.0,2.0,2.0,2.0,2.0,2.0,2.0,2.0,2.0,0.0,2.0,2.0,0.0,0.0,2.0,0.0,2.0,0.0
Lilac Flowers,Syringa vulfaris,middle,Floral,"balsamic 느낌의 달콤하고 화사한 floral,fecal,image,powdery,sweet",N/A,Terpineol,"헝가리, 발칸반도",조합 향료,"스윗, 플라워리, 파우더리 발삼",N/A,굳은 페인트 조각. 계피 → 암수술. 생화 꽃집 → 시원하게 약간 달달 | 작은 분자들이 안개분사하는 느낌. 은은한 단체. | 달콤한 꿀 암수술 응집. 약간 은은하게 퍼지는.,N/A,N/A,🌗,3.0,"perfume,cosmetic,home_scent",notion_manual,,N/A,N/A,0.0,N/A,,0.0,,,0.0,0.0,,N/A,N/A,0.0,0.0,0.0,0.0,0.0,0.0,0.0,0.0,0.0,0.0,0.0,0.0,0.0,0.0,0.0,0.0,0.0,0.0
Lily of the Valley,Convallaria majalis,middle,Floral,"fresh,fresh(비누) → 파우더리 → 로즈,green,image,sweet, 비누향 느낌의 깨끗하고 부드러운 향기,watery,자스민 ⇒ 청초",BaseBlender,"Linalool, Citronellol, Geraniol, Nerol, Hydoxycitronellal","북유럽, 한국, 동시베리아","석유 에테르 추출, 조합 향료","프레쉬, 비누향, 섬세한 플로럴",N/A,Fresh(비누) → 파우더리 → 로즈/자스민 ⇒ 청초 | 청초. 막힌 느낌. Powdery. 어항에 담군 | 순수한 냄새. powdery. 결혼식.,N/A,N/A,🌘,2.0,"perfume,cosmetic,fabric",notion_manual,6549.0,78-70-6,C10H18O,154.25,"3,7-dimethylocta-1,6-dien-3-ol",,2.7,,,0.0,0.0,,N/A,N/A,0.0,0.0,0.0,0.0,0.0,0.0,0.0,0.0,0.0,0.0,0.0,0.0,0.0,0.0,0.0,0.0,0.0,0.0
Lime,Citrus aurantiifolia,top,Citrus,"image,vs",N/A,Limonene,"인도, 동남아시아","압착법, 증류법","그린 시트러스, 라임, 모시",N/A,"쌉싸름 | Citrus ↑, Juicy함 (꽉 짠 느낌). Fresh. Light. Non Sweet. 상쾌한 기본 시트러스. 딱 Fresh. Light한 성질만 전해주는",N/A,Lime VS Bergamot | LimeN/A Fresh. Bitter. Less Sweet. Light | BergamotN/A Floral. Sweet,🌗,3.0,"perfume,food,cosmetic",notion_manual,22311.0,138-86-3,C10H16,136.23,1-methyl-4-prop-1-en-2-ylcyclohexene,,3.4,,,0.0,0.0,,N/A,N/A,0.0,0.0,0.0,0.0,0.0,0.0,0.0,0.0,0.0,0.0,0.0,0.0,0.0,0.0,0.0,0.0,0.0,0.0
Lime oil expressed,N/A,N/A,N/A,N/A,N/A,N/A,N/A,N/A,N/A,N/A,N/A,N/A,N/A,N/A,,N/A,N/A,,N/A,N/A,0.0,N/A,,0.0,,,0.0,0.0,,Restricted,51st (2023),0.7,0.7,0.7,0.7,0.7,0.7,0.7,0.7,0.7,0.0,0.7,0.7,0.0,0.0,0.7,0.0,0.7,0.0
Limonene,N/A,N/A,N/A,N/A,N/A,N/A,N/A,N/A,N/A,N/A,N/A,N/A,N/A,N/A,,N/A,N/A,22311.0,138-86-3,C10H16,136.23,1-methyl-4-prop-1-en-2-ylcyclohexene,,3.4,,,0.0,0.0,,No Restriction,51st (2023),0.0,0.0,0.0,0.0,0.0,0.0,0.0,0.0,0.0,0.0,0.0,0.0,0.0,0.0,0.0,0.0,0.0,0.0
Linalool,N/A,N/A,N/A,N/A,N/A,N/A,N/A,N/A,N/A,N/A,N/A,N/A,N/A,N/A,,N/A,N/A,6549.0,78-70-6,C10H18O,154.25,"3,7-dimethylocta-1,6-dien-3-ol",,2.7,,,0.0,0.0,,No Restriction,51st (2023),0.0,0.0,0.0,0.0,0.0,0.0,0.0,0.0,0.0,0.0,0.0,0.0,0.0,0.0,0.0,0.0,0.0,0.0
Longifolene,N/A,N/A,N/A,N/A,N/A,N/A,N/A,N/A,N/A,N/A,N/A,N/A,N/A,N/A,,N/A,N/A,1796220.0,475-20-7,C15H24,204.35,"(1R,2S,7S,9S)-3,3,7-trimethyl-8-methylidenetricyclo[5.4.0.02,9]undecane",,5.1,,,0.0,0.0,,Restricted,51st (2023),0.27,0.08,1.6,1.5,0.38,0.38,0.38,0.38,0.88,3.1,3.1,0.16,2.9,11.0,11.0,5.8,5.8,0.0
Massoia bark oil,N/A,N/A,N/A,N/A,N/A,N/A,N/A,N/A,N/A,N/A,N/A,N/A,N/A,N/A,,N/A,N/A,,N/A,N/A,0.0,N/A,,0.0,,,0.0,0.0,,Prohibited,51st (2023),0.0,0.0,0.0,0.0,0.0,0.0,0.0,0.0,0.0,0.0,0.0,0.0,0.0,0.0,0.0,0.0,0.0,0.0
Massoia lactone,N/A,N/A,N/A,N/A,N/A,N/A,N/A,N/A,N/A,N/A,N/A,N/A,N/A,N/A,,N/A,N/A,642793.0,51154-96-2,C10H16O2,168.23,"(2R)-2-pentyl-2,3-dihydropyran-6-one",,3.1,,,0.0,0.0,,Prohibited,51st (2023),0.0,0.0,0.0,0.0,0.0,0.0,0.0,0.0,0.0,0.0,0.0,0.0,0.0,0.0,0.0,0.0,0.0,0.0
May Rose,Rosa centifolia,top,Floral,"floral,floral.,green,honey,may,rose,watery",Base,Phenyl ethyl alcohol,"남프랑스, 모로코",용제추출법,"로즈, 스윗, 그린",N/A,물 머금은 | 숙성된 장미 100송이 모아둔 → 더 강해짐. 물 多 | 꿀 같이 진득해져 농축되어 담긴 꽃의 액기스. (무게는 꿀처럼 엄청 무겁지는 않음). 부피는 작으나 힘은 강한? 강도가 좋은. | floral. green,"{""distribution""N/A ""Grasse, Provence In France"", ""climate""N/A ""warm"", ""height""N/A ""up to 1.5m"", ""flower""N/A ""May. round and globular, with numerous thin overlapping petals. pink, less often white to dark red-purple"", ""use""N/A ""great ingredient for dry or irritated skin""}","| May Rose | VS | 🚑 | Geranium | May RoseN/A 더 Light(top-mid 경계), 옅음, Juicy. 피어오르는 rose의 Sweet. | GeraniumN/A 더 무게감 있음(Middle). 향취가 더 잘 느껴짐. 계절감. Boundary 넓은 sweet 보유. 좀 더 age(20-30대) | May Rose | VS | 🪖 | Rose Petals | May RoseN/A green. floral. 깔끔. 옹골짐(옹골지게 차 있다). 좀 더 떠 있음. 생화 | Rose PetalsN/A 피자의 파마산 가루 같은 느낌. 쿰쿰? juicy?. 좀 더 가라앉음. Last 더 묵직, juicy하게 더 남아있음.",🌖,4.0,"perfume,cosmetic",notion_manual,6054.0,60-12-8,C8H10O,122.16,2-phenylethanol,,1.4,,,0.0,0.0,,N/A,N/A,0.0,0.0,0.0,0.0,0.0,0.0,0.0,0.0,0.0,0.0,0.0,0.0,0.0,0.0,0.0,0.0,0.0,0.0
Melissa oil (genuine Melissa officinalis L.),N/A,N/A,N/A,N/A,N/A,N/A,N/A,N/A,N/A,N/A,N/A,N/A,N/A,N/A,,N/A,N/A,,N/A,N/A,0.0,N/A,,0.0,,,0.0,0.0,,Restricted,51st (2023),0.11,0.032,0.65,0.6,0.15,0.15,0.15,0.15,0.35,1.2,1.2,0.063,1.2,4.2,4.2,2.3,2.3,0.0
Menthadiene-7-methyl formate,N/A,N/A,N/A,N/A,N/A,N/A,N/A,N/A,N/A,N/A,N/A,N/A,N/A,N/A,,N/A,N/A,111516.0,272-066-0,C12H18O2,194.27,"2-(4-propan-2-ylcyclohexa-1,4-dien-1-yl)ethyl formate",,2.6,,,0.0,0.0,,Restricted,51st (2023),0.077,0.023,0.46,0.43,0.11,0.11,0.11,0.11,0.25,0.88,0.88,0.045,0.84,3.0,3.0,1.7,1.7,0.0
Methoxy dicyclopentadiene carboxaldehyde,N/A,N/A,N/A,N/A,N/A,N/A,N/A,N/A,N/A,N/A,N/A,N/A,N/A,N/A,,N/A,N/A,163529.0,86803-90-9,C12H18O2,194.27,"8-methoxytricyclo[5.2.1.02,6]decane-4-carbaldehyde",,1.4,,,0.0,0.0,,Restricted,51st (2023),0.19,0.057,1.2,1.1,0.27,0.27,0.27,0.091,0.63,2.2,2.2,0.091,2.1,2.1,7.5,0.091,0.091,0.0
Methoxycyclododecane,N/A,N/A,N/A,N/A,N/A,N/A,N/A,N/A,N/A,N/A,N/A,N/A,N/A,N/A,,N/A,N/A,76334.0,2986-54-1,C13H26O,198.34,methoxycyclododecane,,4.3,,,0.0,0.0,,Restricted,51st (2023),1e-05,0.023,0.0015,0.43,0.018,0.0046,1e-05,3.3e-06,1e-05,0.012,0.012,3.3e-06,0.026,0.0092,0.16,3.3e-06,3.3e-06,0.18
Methyl N-formylanthranilate,N/A,N/A,N/A,N/A,N/A,N/A,N/A,N/A,N/A,N/A,N/A,N/A,N/A,N/A,,N/A,N/A,162458.0,41270-80-8,C9H9NO3,179.17,methyl 2-formamidobenzoate,,1.7,,,0.0,0.0,,Restricted,51st (2023),0.1,0.1,0.1,0.1,0.1,0.1,0.1,0.1,0.1,0.0,0.1,0.1,0.0,0.0,0.1,0.0,0.1,0.0
Methyl N-methylanthranilate,N/A,N/A,N/A,N/A,N/A,N/A,N/A,N/A,N/A,N/A,N/A,N/A,N/A,N/A,,N/A,N/A,6826.0,85-91-6,C9H11NO2,165.19,methyl 2-(methylamino)benzoate,,2.3,,,0.0,0.0,,Restricted,51st (2023),0.0,0.0,0.0,0.0,0.0,0.0,0.0,0.0,0.0,0.0,0.0,0.0,0.0,0.0,0.0,0.0,0.0,0.0
Methyl beta-naphthyl ketone,N/A,N/A,N/A,N/A,N/A,N/A,N/A,N/A,N/A,N/A,N/A,N/A,N/A,N/A,,N/A,N/A,7122.0,93-08-3,C12H10O,170.21,1-naphthalen-2-ylethanone,,3.2,,,0.0,0.0,,Restricted,51st (2023),0.2,0.2,0.2,0.2,0.2,0.2,0.2,0.2,0.2,0.0,0.2,0.2,0.0,0.0,0.2,0.0,0.2,0.0
Methyl crotonate,N/A,N/A,N/A,N/A,N/A,N/A,N/A,N/A,N/A,N/A,N/A,N/A,N/A,N/A,,N/A,N/A,638132.0,623-43-8,C5H8O2,100.12,methyl (E)-but-2-enoate,,0.9,,,0.0,0.0,,Prohibited,51st (2023),0.0,0.0,0.0,0.0,0.0,0.0,0.0,0.0,0.0,0.0,0.0,0.0,0.0,0.0,0.0,0.0,0.0,0.0
Methyl eugenol,N/A,N/A,N/A,N/A,N/A,N/A,N/A,N/A,N/A,N/A,N/A,N/A,N/A,N/A,,N/A,N/A,7127.0,93-15-2,C11H14O2,178.23,"1,2-dimethoxy-4-prop-2-enylbenzene",,2.5,,,0.0,0.0,,Restricted,51st (2023),0.00042,0.0015,0.00042,0.011,0.0015,0.00021,0.00042,6.9e-05,0.0,0.00042,0.00042,6.9e-05,0.0017,0.00062,0.0021,6.9e-05,6.9e-05,0.066
Methyl heptine carbonate,N/A,N/A,N/A,N/A,N/A,N/A,N/A,N/A,N/A,N/A,N/A,N/A,N/A,N/A,,N/A,N/A,8092.0,111-12-6,C9H14O2,154.21,methyl oct-2-ynoate,,3.2,,,0.0,0.0,,Restricted,51st (2023),0.0085,0.0025,0.051,0.047,0.012,0.012,0.012,0.012,0.028,0.096,0.096,0.005,0.092,0.33,0.33,0.18,0.18,0.0
"Methyl ionone, mixed isomers",N/A,N/A,N/A,N/A,N/A,N/A,N/A,N/A,N/A,N/A,N/A,N/A,N/A,N/A,,N/A,N/A,5371084.0,1335-46-2,C14H22O,206.32,"(E)-1-(2,6,6-trimethylcyclohex-2-en-1-yl)pent-1-en-3-one",,3.4,,,0.0,0.0,,Restricted,51st (2023),5.4,1.6,32.0,30.0,7.6,7.6,7.6,7.6,18.0,61.0,61.0,3.2,59.0,100.0,100.0,100.0,100.0,0.0
Methyl lavender ketone,N/A,N/A,N/A,N/A,N/A,N/A,N/A,N/A,N/A,N/A,N/A,N/A,N/A,N/A,,N/A,N/A,106823.0,67801-33-6,C10H20O2,172.26,3-(hydroxymethyl)nonan-2-one,,2.3,,,0.0,0.0,,Restricted,51st (2023),0.015,0.0044,0.088,0.082,0.021,0.021,0.021,0.021,0.048,0.17,0.17,0.0086,0.16,0.57,0.57,0.32,0.32,0.0
Methyl methacrylate,N/A,N/A,N/A,N/A,N/A,N/A,N/A,N/A,N/A,N/A,N/A,N/A,N/A,N/A,,N/A,N/A,6658.0,80-62-6,C5H8O2,100.12,methyl 2-methylprop-2-enoate,,1.4,,,0.0,0.0,,Prohibited,51st (2023),0.0,0.0,0.0,0.0,0.0,0.0,0.0,0.0,0.0,0.0,0.0,0.0,0.0,0.0,0.0,0.0,0.0,0.0
Methyl octine carbonate,N/A,N/A,N/A,N/A,N/A,N/A,N/A,N/A,N/A,N/A,N/A,N/A,N/A,N/A,,N/A,N/A,8137.0,111-80-8,C10H16O2,168.23,methyl non-2-ynoate,,3.7,,,0.0,0.0,,Restricted,51st (2023),0.0018,0.00055,0.011,0.01,0.0026,0.0026,0.0026,0.0026,0.0061,0.021,0.021,0.0011,0.02,0.072,0.072,0.04,0.04,0.0
Methyl vanillyl ether,N/A,N/A,N/A,N/A,N/A,N/A,N/A,N/A,N/A,N/A,N/A,N/A,N/A,N/A,,N/A,N/A,79662.0,5533-03-9,C9H12O3,168.19,2-methoxy-4-(methoxymethyl)phenol,,0.5,,,0.0,0.0,,Restricted,51st (2023),0.065,0.08,0.065,1.5,0.38,0.065,0.065,0.022,0.065,0.065,0.065,0.022,2.9,5.8,11.0,0.022,0.022,0.0
Mimosa,N/A,N/A,N/A,image,N/A,N/A,N/A,N/A,N/A,N/A,신선한. 꽃. 섬유유연제,N/A,N/A,N/A,,"perfume,cosmetic",notion_manual,,N/A,N/A,0.0,N/A,,0.0,,,0.0,0.0,,N/A,N/A,0.0,0.0,0.0,0.0,0.0,0.0,0.0,0.0,0.0,0.0,0.0,0.0,0.0,0.0,0.0,0.0,0.0,0.0
Mintlactone,N/A,N/A,N/A,N/A,N/A,N/A,N/A,N/A,N/A,N/A,N/A,N/A,N/A,N/A,,N/A,N/A,94349.0,13341-72-5,C10H14O2,166.22,"3,6-dimethyl-5,6,7,7a-tetrahydro-4H-1-benzofuran-2-one",,1.9,,,0.0,0.0,,Prohibited,51st (2023),0.0,0.0,0.0,0.0,0.0,0.0,0.0,0.0,0.0,0.0,0.0,0.0,0.0,0.0,0.0,0.0,0.0,0.0
Moss,Evernia prunastri Arch.,base,Mossy,"fresh,image,marine",N/A,"Ionone, Borneol, Geraniol","유럽, 유고, 프랑스, 이탈리아 ,모로코",용제 추출법,"모시, 우디, 서늘함",N/A,매니큐어. 제주도에서 만든 향수. 매혹적. 청록 실크 드레스 흩날리면서 날 거 같음 → 아쿠아 | 습기 가득한 울창한 숲. 계곡에 향수 공기로 가득 | 너무 좋아. 제주도에서 느낀 그 시원한 향(바다). 숨이 트이는. 기분좋게 에메랄드 바다를 딱 도착해서 들이키는 숨. 기분좋게 수영장있는 호텔에서 일어난,N/A,N/A,🌕,5.0,"perfume,cosmetic",notion_manual,24680.0,232-396-8,C13H20O,192.3,"4-(2,6,6-trimethylcyclohex-2-en-1-yl)but-3-en-2-one",,3.0,,,352237.0,2840.0,2024.0,N/A,N/A,0.0,0.0,0.0,0.0,0.0,0.0,0.0,0.0,0.0,0.0,0.0,0.0,0.0,0.0,0.0,0.0,0.0,0.0
Musk,Moschus moschiferus,base,Animal,"floral,fruity,image,sweet",BlenderFixative,Muscone,"중앙아시아, 티베트, 몽골, 남시베리아",Tincture (사향 노루의 생식선에서 향낭을 채취),중석적 섹시한 애니멀 노트,N/A,냄새가 잘 안 느껴짐. 상쾌한 아침 wake up 깨끗한 침구 → 깨끗한데 도화지. 신선. 흰 셔츠가 휘날렸을 때 | 특색이 크게 없다? | animal. 고혹적.,N/A,"| 🌇 | Musk | Vs | White Musk | MuskN/A Animal. 굉장히 아래 묵직하게 깔려있음. 퍼지지 않음. 가라앉아있음. | White muskN/A 좀 더 위로 튄다. 좀 더 바디감이 위로 올라와있고, 그래서인지 약간 juicy. 얘도 발향이 많이 되는 편은 아니나 musk에 비하면 좀 더 나음.",🌗,3.0,"perfume,cosmetic,fabric",notion_manual,7160826.0,10403-00-6,C16H30O,238.41,(3R)-3-methylcyclopentadecan-1-one,,6.2,,,0.0,0.0,,N/A,N/A,0.0,0.0,0.0,0.0,0.0,0.0,0.0,0.0,0.0,0.0,0.0,0.0,0.0,0.0,0.0,0.0,0.0,0.0
Musk KS,N/A,N/A,N/A,N/A,N/A,N/A,N/A,N/A,N/A,N/A,N/A,N/A,N/A,N/A,,N/A,N/A,112823.0,62265-99-0,C8H7Br2NO3,324.95,"1,3-dibromo-2-methoxy-4-methyl-5-nitrobenzene",,3.5,,,0.0,0.0,,Prohibited,51st (2023),0.0,0.0,0.0,0.0,0.0,0.0,0.0,0.0,0.0,0.0,0.0,0.0,0.0,0.0,0.0,0.0,0.0,0.0
Musk alpha,N/A,N/A,N/A,N/A,N/A,N/A,N/A,N/A,N/A,N/A,N/A,N/A,N/A,N/A,,N/A,N/A,,N/A,N/A,0.0,N/A,,0.0,,,0.0,0.0,,Prohibited,51st (2023),0.0,0.0,0.0,0.0,0.0,0.0,0.0,0.0,0.0,0.0,0.0,0.0,0.0,0.0,0.0,0.0,0.0,0.0
Musk ambrette,N/A,N/A,N/A,N/A,N/A,N/A,N/A,N/A,N/A,N/A,N/A,N/A,N/A,N/A,,N/A,N/A,6753.0,83-66-9,C12H16N2O5,268.27,"1-tert-butyl-2-methoxy-4-methyl-3,5-dinitrobenzene",,3.6,,,0.0,0.0,,Prohibited,51st (2023),0.0,0.0,0.0,0.0,0.0,0.0,0.0,0.0,0.0,0.0,0.0,0.0,0.0,0.0,0.0,0.0,0.0,0.0
Musk ketone,N/A,N/A,N/A,N/A,N/A,N/A,N/A,N/A,N/A,N/A,N/A,N/A,N/A,N/A,,N/A,N/A,6669.0,81-14-1,C14H18N2O5,294.3,"1-(4-tert-butyl-2,6-dimethyl-3,5-dinitrophenyl)ethanone",,3.7,,,0.0,0.0,,No Restriction,51st (2023),0.0,0.0,0.0,0.0,0.0,0.0,0.0,0.0,0.0,0.0,0.0,0.0,0.0,0.0,0.0,0.0,0.0,0.0
Musk moskene,N/A,N/A,N/A,N/A,N/A,N/A,N/A,N/A,N/A,N/A,N/A,N/A,N/A,N/A,,N/A,N/A,67005.0,116-66-5,C14H18N2O4,278.3,"1,1,3,3,5-pentamethyl-4,6-dinitro-2H-indene",,4.5,,,0.0,0.0,,Prohibited,51st (2023),0.0,0.0,0.0,0.0,0.0,0.0,0.0,0.0,0.0,0.0,0.0,0.0,0.0,0.0,0.0,0.0,0.0,0.0
Musk tibetene,N/A,N/A,N/A,N/A,N/A,N/A,N/A,N/A,N/A,N/A,N/A,N/A,N/A,N/A,,N/A,N/A,67350.0,145-39-1,C13H18N2O4,266.29,"1-tert-butyl-3,4,5-trimethyl-2,6-dinitrobenzene",,4.3,,,0.0,0.0,,Prohibited,51st (2023),0.0,0.0,0.0,0.0,0.0,0.0,0.0,0.0,0.0,0.0,0.0,0.0,0.0,0.0,0.0,0.0,0.0,0.0
Musk xylene,N/A,N/A,N/A,N/A,N/A,N/A,N/A,N/A,N/A,N/A,N/A,N/A,N/A,N/A,,N/A,N/A,62329.0,81-15-2,C12H15N3O6,297.26,"1-tert-butyl-3,5-dimethyl-2,4,6-trinitrobenzene",,3.8,,,0.0,0.0,,Prohibited,51st (2023),0.0,0.0,0.0,0.0,0.0,0.0,0.0,0.0,0.0,0.0,0.0,0.0,0.0,0.0,0.0,0.0,0.0,0.0
Myraldyl acetate,N/A,N/A,N/A,N/A,N/A,N/A,N/A,N/A,N/A,N/A,N/A,N/A,N/A,N/A,,N/A,N/A,3085812.0,276-650-6,C15H24O2,236.35,[(1S)-3-(4-methylpent-3-enyl)cyclohex-3-en-1-yl]methyl acetate,,3.7,,,0.0,0.0,,Restricted,51st (2023),0.077,0.023,0.46,0.43,0.11,0.11,0.11,0.11,0.25,0.88,0.88,0.045,0.84,3.0,3.0,1.7,1.7,0.0
Nitrobenzene,N/A,N/A,N/A,N/A,N/A,N/A,N/A,N/A,N/A,N/A,N/A,N/A,N/A,N/A,,N/A,N/A,7416.0,98-95-3,C6H5NO2,123.11,nitrobenzene,,1.9,,,0.0,0.0,,Prohibited,51st (2023),0.0,0.0,0.0,0.0,0.0,0.0,0.0,0.0,0.0,0.0,0.0,0.0,0.0,0.0,0.0,0.0,0.0,0.0
Nootkatone,N/A,N/A,N/A,N/A,N/A,N/A,N/A,N/A,N/A,N/A,N/A,N/A,N/A,N/A,,N/A,N/A,1268142.0,4674-50-4,C15H22O,218.33,"(4R,4aS,6R)-4,4a-dimethyl-6-prop-1-en-2-yl-3,4,5,6,7,8-hexahydronaphthalen-2-one",,3.9,,,0.0,0.0,,No Restriction,51st (2023),0.0,0.0,0.0,0.0,0.0,0.0,0.0,0.0,0.0,0.0,0.0,0.0,0.0,0.0,0.0,0.0,0.0,0.0
Oakmoss extracts,N/A,N/A,N/A,N/A,N/A,N/A,N/A,N/A,N/A,N/A,N/A,N/A,N/A,N/A,,N/A,N/A,,N/A,N/A,0.0,N/A,,0.0,,,0.0,0.0,,Restricted,51st (2023),0.02,0.016,0.1,0.1,0.076,0.076,0.076,0.076,0.18,0.1,0.1,0.032,0.1,0.1,0.1,0.1,0.1,0.0
Octahydro-dimethylnaphthalene-2-carbaldehyde (mixed isomers),N/A,N/A,N/A,N/A,N/A,N/A,N/A,N/A,N/A,N/A,N/A,N/A,N/A,N/A,,N/A,N/A,121232753.0,68738-94-3,C13H20O,192.3,"8,8-dimethyl-2,4a,5,6,7,8a-hexahydro-1H-naphthalene-2-carbaldehyde",,3.5,,,0.0,0.0,,Restricted,51st (2023),0.38,0.11,2.3,2.1,0.54,0.54,0.54,0.54,1.3,4.4,4.4,0.23,4.2,15.0,15.0,8.3,8.3,0.0
Opoponax,N/A,N/A,N/A,N/A,N/A,N/A,N/A,N/A,N/A,N/A,N/A,N/A,N/A,N/A,,N/A,N/A,,N/A,N/A,0.0,N/A,,0.0,,,0.0,0.0,,Restricted,51st (2023),0.077,0.023,0.46,0.43,0.11,0.11,0.11,0.11,0.25,0.88,0.88,0.045,0.84,3.0,3.0,1.7,1.7,0.0
Orange,Citrus sinensis L.,top,Citrus,"citrus,fresh,juicy,orange,orange peel,sweet",N/A,Limonene,"브라질, 인도, 중국",압착법,"시트러스, 달콤하고 신선함",오렌지 까고 진득해진 손 (L),오렌지 딱 깠을 때 묻는 과즙 | 오렌지 까고 손에 남은 진득해진 냄새. 오렌지 까고 공기 중으로 날아가는 분자들의 냄새. 까고 나서의 냄새 (시간이 지나고 나서)가 더 맞는 듯.,"{""distribution""N/A ""Southern China, Northeast India, and Myanmar"", ""climate""N/A ""tropical and subtropical climates for their sweet fruit"", ""feature""N/A ""A hybrid between pomelo (Citrus maxima) and mandarin (Citrus reticulata)"", ""height""N/A ""9-10m""}",N/A,🌖,4.0,"perfume,food,cosmetic,home_scent",notion_manual,22311.0,138-86-3,C10H16,136.23,1-methyl-4-prop-1-en-2-ylcyclohexene,,3.4,,,0.0,0.0,,N/A,N/A,0.0,0.0,0.0,0.0,0.0,0.0,0.0,0.0,0.0,0.0,0.0,0.0,0.0,0.0,0.0,0.0,0.0,0.0
Patchouli,Pogostemon cablin,base,Woody,"balsam,dusty,image",N/A,Patchouli alchohol,"인도, 동남아시아, 중국, 서인도제도",증류법,"우디, 모시, 얼시, 발삼",N/A,"강하고, 찌린내? 고무? | 나무로 된 오래된 신전… 흙.. | 매운 향신료? 신전. 꿉꿉. 장마에 방을 1,000일간 압축 (농축해만든). 오랜 유약 바른 목조. 비오는 날 일본 절 길 걷는 느낌. | 신전. 오래된 가죽? 질긴 고무?. 지린내. | 발길 드문 숲 안쪽 으슥한 축축한 비오는 목조 신전. (여름장마) | 1% EO | 화한 느낌 | Balsam",N/A,N/A,🌖,4.0,"perfume,cosmetic,home_scent,fabric",notion_manual,,N/A,N/A,0.0,N/A,,0.0,,,0.0,0.0,,N/A,N/A,0.0,0.0,0.0,0.0,0.0,0.0,0.0,0.0,0.0,0.0,0.0,0.0,0.0,0.0,0.0,0.0,0.0,0.0
Peach,Prunus persica Batsch,top,Fruity,image,N/A,δ-decalactone,중국,조합향료,달콤한 피치향,굉장히 Powdery하고 달콤한 에뛰드하우스 섬유향수🪆,물 많은 단 상상의 복숭아 → Sweet ↑↑ | Powdery하게 꿀 뿜어나오는 갈수록 과즙 쾅 품은 복숭아 향 | 풍선껌 같음. 엄청 단 향이 Powdery하게. 풍선껌 액을 한 입 씹었을 때의 달콤함 퍼짐. 초등학교 때 에뛰드하우스 들어가면 훅 나는. 10대 때 여자 애들이 섬유 스프레이 뿌리면 나는,N/A,N/A,🌘,2.0,"perfume,food,cosmetic",notion_manual,,N/A,N/A,0.0,N/A,,0.0,,,0.0,0.0,,N/A,N/A,0.0,0.0,0.0,0.0,0.0,0.0,0.0,0.0,0.0,0.0,0.0,0.0,0.0,0.0,0.0,0.0,0.0,0.0
Peony,N/A,N/A,N/A,image,N/A,N/A,N/A,N/A,N/A,N/A,피오니 섬유유연제 향,N/A,N/A,🌘,2.0,"perfume,cosmetic,home_scent",notion_manual,135465069.0,1658-56-6,C20H13N2NaO4S,400.4,sodium 4-[(2-hydroxynaphthalen-1-yl)diazenyl]naphthalene-1-sulfonate,,0.0,,,7154.0,15.0,2025.0,N/A,N/A,0.0,0.0,0.0,0.0,0.0,0.0,0.0,0.0,0.0,0.0,0.0,0.0,0.0,0.0,0.0,0.0,0.0,0.0
Perilla aldehyde,N/A,N/A,N/A,N/A,N/A,N/A,N/A,N/A,N/A,N/A,N/A,N/A,N/A,N/A,,N/A,N/A,16441.0,2111-75-3,C10H14O,150.22,4-prop-1-en-2-ylcyclohexene-1-carbaldehyde,,2.6,,,0.0,0.0,,Restricted,51st (2023),0.054,0.016,0.32,0.3,0.076,0.076,0.076,0.076,0.18,0.61,0.61,0.032,0.59,2.1,2.1,1.2,1.2,0.0
Peru balsam,N/A,N/A,N/A,N/A,N/A,N/A,N/A,N/A,N/A,N/A,N/A,N/A,N/A,N/A,,N/A,N/A,,N/A,N/A,0.0,N/A,,0.0,,,0.0,0.0,,Prohibited,51st (2023),0.073,0.022,0.44,0.41,0.1,0.1,0.1,0.034,0.24,0.83,0.83,0.034,0.8,0.8,2.9,0.034,0.034,0.0
Phenoxyacetaldehyde,N/A,N/A,N/A,N/A,N/A,N/A,N/A,N/A,N/A,N/A,N/A,N/A,N/A,N/A,,N/A,N/A,75033.0,2120-70-9,C8H8O2,136.15,2-phenoxyacetaldehyde,,1.8,,,0.0,0.0,,Restricted,51st (2023),0.045,0.014,0.27,0.25,0.064,0.064,0.064,0.021,0.15,0.24,0.24,0.021,0.49,0.48,1.8,0.021,0.021,0.0
Phenyl acetone,N/A,N/A,N/A,N/A,N/A,N/A,N/A,N/A,N/A,N/A,N/A,N/A,N/A,N/A,,N/A,N/A,7678.0,103-79-7,C9H10O,134.17,1-phenylpropan-2-one,,1.4,,,0.0,0.0,,Prohibited,51st (2023),0.0,0.0,0.0,0.0,0.0,0.0,0.0,0.0,0.0,0.0,0.0,0.0,0.0,0.0,0.0,0.0,0.0,0.0
Phenyl benzoate,N/A,N/A,N/A,N/A,N/A,N/A,N/A,N/A,N/A,N/A,N/A,N/A,N/A,N/A,,N/A,N/A,7169.0,93-99-2,C13H10O2,198.22,phenyl benzoate,,3.6,,,0.0,0.0,,Prohibited,51st (2023),0.0,0.0,0.0,0.0,0.0,0.0,0.0,0.0,0.0,0.0,0.0,0.0,0.0,0.0,0.0,0.0,0.0,0.0
Phenylacetaldehyde,N/A,N/A,N/A,N/A,N/A,N/A,N/A,N/A,N/A,N/A,N/A,N/A,N/A,N/A,,N/A,N/A,998.0,122-78-1,C8H8O,120.15,2-phenylacetaldehyde,,1.8,,,0.0,0.0,,Restricted,51st (2023),0.045,0.014,0.27,0.25,0.064,0.064,0.064,0.021,0.15,0.52,0.52,0.021,0.49,0.49,1.8,0.021,0.021,0.0
Pinacea derivatives,N/A,N/A,N/A,N/A,N/A,N/A,N/A,N/A,N/A,N/A,N/A,N/A,N/A,N/A,,N/A,N/A,,N/A,N/A,0.0,N/A,,0.0,,,0.0,0.0,,No Restriction,51st (2023),0.0,0.0,0.0,0.0,0.0,0.0,0.0,0.0,0.0,0.0,0.0,0.0,0.0,0.0,0.0,0.0,0.0,0.0
Pinewood,Pinus palustris,middle,Mossy,image,N/A,"Terpineol, Estragole, Fenchone",한국,"증류법, 분별 증류법","신선한 파인향, 코니퍼러스 노트",N/A,Herbal. 시원. 나무의 시원함?. 밑 기둥에서부터 느껴지는 시원함. | 시원함이 ㄱㅇ함,N/A,N/A,🌖,4.0,"perfume,home_scent,pharmaceutical",notion_manual,17100.0,98-55-5,C10H18O,154.25,2-(4-methylcyclohex-3-en-1-yl)propan-2-ol,,1.8,,,0.0,0.0,,N/A,N/A,0.0,0.0,0.0,0.0,0.0,0.0,0.0,0.0,0.0,0.0,0.0,0.0,0.0,0.0,0.0,0.0,0.0,0.0
Plumeria,N/A,N/A,N/A,image,N/A,N/A,N/A,N/A,N/A,N/A,말 똥 오줌 (분뇨),N/A,N/A,🌗,3.0,"perfume,cosmetic",notion_manual,,N/A,N/A,0.0,N/A,,0.0,,,0.0,0.0,,N/A,N/A,0.0,0.0,0.0,0.0,0.0,0.0,0.0,0.0,0.0,0.0,0.0,0.0,0.0,0.0,0.0,0.0,0.0,0.0
Propenylguaethol,N/A,N/A,N/A,N/A,N/A,N/A,N/A,N/A,N/A,N/A,N/A,N/A,N/A,N/A,,N/A,N/A,5354280.0,94-86-0,C11H14O2,178.23,2-ethoxy-5-[(E)-prop-1-enyl]phenol,,2.9,,,0.0,0.0,,Restricted,51st (2023),0.18,0.053,0.11,0.99,0.25,0.21,0.25,0.071,0.58,0.32,0.32,0.071,0.75,0.75,3.7,0.071,0.071,58.0
Pseudo methylionones,N/A,N/A,N/A,N/A,N/A,N/A,N/A,N/A,N/A,N/A,N/A,N/A,N/A,N/A,,N/A,N/A,94373.0,26651-96-7,C14H22O,206.32,"7,11-dimethyldodeca-4,6,10-trien-3-one",,4.4,,,0.0,0.0,,Prohibited,51st (2023),0.0,0.0,0.0,0.0,0.0,0.0,0.0,0.0,0.0,0.0,0.0,0.0,0.0,0.0,0.0,0.0,0.0,0.0
Pseudoionone,N/A,N/A,N/A,N/A,N/A,N/A,N/A,N/A,N/A,N/A,N/A,N/A,N/A,N/A,,N/A,N/A,1757003.0,141-10-6,C13H20O,192.3,"(3E,5E)-6,10-dimethylundeca-3,5,9-trien-2-one",,3.9,,,0.0,0.0,,Prohibited,51st (2023),0.0,0.0,0.0,0.0,0.0,0.0,0.0,0.0,0.0,0.0,0.0,0.0,0.0,0.0,0.0,0.0,0.0,0.0
Quinoline,N/A,N/A,N/A,N/A,N/A,N/A,N/A,N/A,N/A,N/A,N/A,N/A,N/A,N/A,,N/A,N/A,7047.0,91-22-5,C9H7N,129.16,quinoline,,2.0,,,0.0,0.0,,Prohibited,51st (2023),0.0,0.0,0.0,0.0,0.0,0.0,0.0,0.0,0.0,0.0,0.0,0.0,0.0,0.0,0.0,0.0,0.0,0.0
Rose Petals,Rosa damascena,middle,Floral,"green,green.,honey like,image,last 강력!!,may,powder",Base,"Geraniol, Citronellol, Nerol","불가리아, 터키",수증기 증류,"화사한 장미향, 다마스크로즈",N/A,생화 | 신선 → 레몬 주스 짠 Powdery | 장미•신? | 생화. 물에 담궈진. 약간 신 느낌. | 그린 올리브 절임 냄새 | green.,N/A,"| May Rose | VS | 🪖 | Rose Petals | May RoseN/A green. floral. 깔끔. 옹골짐(옹골지게 차 있다). 좀 더 떠 있음. 생화 | Rose PetalsN/A 피자의 파마산 가루 같은 느낌. 쿰쿰? juicy?. 좀 더 가라앉음. Last 더 묵직, juicy하게 더 남아있음.",🌖,4.0,"perfume,cosmetic,food,tea_coffee",notion_manual,637566.0,106-24-1,C10H18O,154.25,"(2E)-3,7-dimethylocta-2,6-dien-1-ol",,2.9,,,0.0,0.0,,N/A,N/A,0.0,0.0,0.0,0.0,0.0,0.0,0.0,0.0,0.0,0.0,0.0,0.0,0.0,0.0,0.0,0.0,0.0,0.0
Rose ketones,N/A,N/A,N/A,N/A,N/A,N/A,N/A,N/A,N/A,N/A,N/A,N/A,N/A,N/A,,N/A,N/A,5366074.0,23726-93-4,C13H18O,190.28,"(E)-1-(2,6,6-trimethylcyclohexa-1,3-dien-1-yl)but-2-en-1-one",,3.2,,,0.0,0.0,,Restricted,51st (2023),0.0077,0.0023,0.046,0.043,0.011,0.011,0.011,0.011,0.025,0.088,0.088,0.0045,0.084,0.3,0.3,0.17,0.17,0.0
Rosemarin,Rosmarinus officinalis,middle,Herbal,image,N/A,"Borneol, Cineol, Terpene",지중해 연안,증류법,"허벌 캄파, 프레쉬, 시원함",N/A,Herbal. 코가 시원해지는. 잎사귀의 느낌. 로즈마리 느낌. 딱 음식 위에 올라가는 | Vs PinewoodN/A 나무 껍질도 느껴진다면,N/A,N/A,🌖,4.0,"perfume,food,cosmetic,pharmaceutical",notion_manual,64685.0,507-70-0,C10H18O,154.25,"1,7,7-trimethylbicyclo[2.2.1]heptan-2-ol",,2.7,,,0.0,0.0,,N/A,N/A,0.0,0.0,0.0,0.0,0.0,0.0,0.0,0.0,0.0,0.0,0.0,0.0,0.0,0.0,0.0,0.0,0.0,0.0
Rosewood,N/A,top,N/A,"image,rosewood",N/A,N/A,N/A,N/A,"라이트 플로랄, 가벼운 우디",N/A,Herbal. Cool. Aromatic함. 마사지하면 잘 풀리고 시원하게 뭉친 게 풀릴 거 같은. 강하게 해서 몸에 빨간 자국날 만큼 시원하고 | 제라늄처럼 향긋. 달달한데 약한 herbal.,N/A,Rosewood vs Alpine Lavender | Rosewood | vs | Alpine Lavender | RosewoodN/A 시원함이 덜 함. 좀 더 약하고. 가지고 다니면서 사용할 수 있는 심신 안정 롤 에센셜. 좀 더 우거진 수풀 같음. 명절 다 모인 느낌은 좀 더 Warm. | Alpine LavenderN/A 시원하고. 쿨파스를 붙인 거 같은. 전체적인 마무리감도 시원하게 느껴지는.,🌗,3.0,"perfume,cosmetic,pharmaceutical",notion_manual,,N/A,N/A,0.0,N/A,,0.0,,,0.0,0.0,,N/A,N/A,0.0,0.0,0.0,0.0,0.0,0.0,0.0,0.0,0.0,0.0,0.0,0.0,0.0,0.0,0.0,0.0,0.0,0.0
Rue oil,N/A,N/A,N/A,N/A,N/A,N/A,N/A,N/A,N/A,N/A,N/A,N/A,N/A,N/A,,N/A,N/A,,N/A,N/A,0.0,N/A,,0.0,,,0.0,0.0,,Restricted,51st (2023),0.15,0.15,0.15,0.15,0.15,0.15,0.15,0.15,0.15,0.0,0.15,0.15,0.0,0.0,0.15,0.0,0.15,0.0
"Safrole, Isosafrole and Dihydrosafrole",N/A,N/A,N/A,N/A,N/A,N/A,N/A,N/A,N/A,N/A,N/A,N/A,N/A,N/A,,N/A,N/A,5144.0,94-59-7,C10H10O2,162.18,"5-prop-2-enyl-1,3-benzodioxole",,3.0,,,0.0,0.0,,Prohibited,51st (2023),0.0,0.0,0.0,0.0,0.0,0.0,0.0,0.0,0.0,0.0,0.0,0.0,0.0,0.0,0.0,0.0,0.0,0.0
Sandalwood,Santalum album L.,base,Woody,"image,milky,oily,sandalwood,soft,warm,woody",N/A,Santalol,인도,증류법,"우디, 머스키, 볼륨감",N/A,물 가득 머금은 우거진 숲. 정글 → 상쾌한 낮 숲 | 수풀. 전체적으로. 넓게 느껴짐. | Woody. 수풀잎.,N/A,Sandalwood VS 🌇 | Sandalwood | VS | 🌇 | Cedarwood | SandalwoodN/A 좀 더 바닐라 같이 생긴 (amber) 무게감이 낮지 않은 부드럽게 Creamy 향긋한 게 농축되어 있는데 비 와서 나뭇잎 솔의 향도 남. 차분. 잔잔. 숲 바닥. | CeaderwoodN/A 나무 껍질. 흙. 뿌리 쪽 느낌 냄새. 바디감도 더 낮음. 향긋한 부가적인 냄새 안 남. Cedarwood,🌖,4.0,"perfume,cosmetic,pharmaceutical,home_scent",notion_manual,12315259.0,73890-74-1,C15H24O,220.35,"(E)-2-methyl-5-[(1S,2S,4R)-2-methyl-3-methylidene-2-bicyclo[2.2.1]heptanyl]pent-2-en-1-ol",,4.0,,,0.0,0.0,,N/A,N/A,0.0,0.0,0.0,0.0,0.0,0.0,0.0,0.0,0.0,0.0,0.0,0.0,0.0,0.0,0.0,0.0,0.0,0.0
Santolina oil,N/A,N/A,N/A,N/A,N/A,N/A,N/A,N/A,N/A,N/A,N/A,N/A,N/A,N/A,,N/A,N/A,,N/A,N/A,0.0,N/A,,0.0,,,0.0,0.0,,Prohibited,51st (2023),0.0,0.0,0.0,0.0,0.0,0.0,0.0,0.0,0.0,0.0,0.0,0.0,0.0,0.0,0.0,0.0,0.0,0.0
Savin oil,N/A,N/A,N/A,N/A,N/A,N/A,N/A,N/A,N/A,N/A,N/A,N/A,N/A,N/A,,N/A,N/A,,N/A,N/A,0.0,N/A,,0.0,,,0.0,0.0,,Prohibited,51st (2023),0.0,0.0,0.0,0.0,0.0,0.0,0.0,0.0,0.0,0.0,0.0,0.0,0.0,0.0,0.0,0.0,0.0,0.0
Sclareol,N/A,N/A,N/A,N/A,N/A,N/A,N/A,N/A,N/A,N/A,N/A,N/A,N/A,N/A,,N/A,N/A,163263.0,515-03-7,C20H36O2,308.5,"(1R,2R,4aS,8aS)-1-[(3R)-3-hydroxy-3-methylpent-4-enyl]-2,5,5,8a-tetramethyl-3,4,4a,6,7,8-hexahydro-1H-naphthalen-2-ol",,4.9,,,0.0,0.0,,No Restriction,51st (2023),0.0,0.0,0.0,0.0,0.0,0.0,0.0,0.0,0.0,0.0,0.0,0.0,0.0,0.0,0.0,0.0,0.0,0.0
Sea Scent,N/A,middle,Mossy,image,N/A,Calone,합성,N/A,"마린노트, 시트러스, 모시, 시원함",N/A,Aqua. 냄새가 잘 안 남. 되게 물 깨끗한 투명한 연한 하늘색 바다. | 시원한.,N/A,N/A,🌗,3.0,"perfume,cosmetic,home_scent",notion_manual,,N/A,N/A,0.0,N/A,,0.0,,,0.0,0.0,,N/A,N/A,0.0,0.0,0.0,0.0,0.0,0.0,0.0,0.0,0.0,0.0,0.0,0.0,0.0,0.0,0.0,0.0,0.0,0.0
Styrax,N/A,N/A,N/A,N/A,N/A,N/A,N/A,N/A,N/A,N/A,N/A,N/A,N/A,N/A,,N/A,N/A,,N/A,N/A,0.0,N/A,,0.0,,,0.0,0.0,,Prohibited,51st (2023),0.12,0.034,0.69,0.64,0.16,0.16,0.16,0.16,0.38,1.3,1.3,0.068,1.3,4.5,4.5,2.5,2.5,0.0
Tagetes oil and absolute,N/A,N/A,N/A,N/A,N/A,N/A,N/A,N/A,N/A,N/A,N/A,N/A,N/A,N/A,,N/A,N/A,,N/A,N/A,0.0,N/A,,0.0,,,0.0,0.0,,Prohibited,51st (2023),0.01,0.01,0.01,0.01,0.01,0.01,0.01,0.01,0.0,0.1,0.01,0.01,0.1,0.1,0.01,0.0,0.01,0.0
Tangerine,Citrus reticulata Blanco,top,Citrus,image,N/A,"d-Limonene, δ-Terpinene",중국,압착법,"시트러스, 프레쉬, 남성적, 탄저린필",N/A,할머니집에 갔을 때의 오래된 느낌에서 나는 첫 후각 인상. 찌린내라고 표현을 해야할까. 손녀가 할머니집에 있어서 데리러 갔을 때 근데 그 집에서 화장실에 시트러스 계열 뿌려서 그것도 나긴 함. 근데 오래된 찌린 향이 전체적임. 탄저린필,N/A,N/A,🌘,2.0,"perfume,food,cosmetic",notion_manual,440917.0,5989-27-5,C10H16,136.23,(4R)-1-methyl-4-prop-1-en-2-ylcyclohexene,,3.4,,,0.0,0.0,,N/A,N/A,0.0,0.0,0.0,0.0,0.0,0.0,0.0,0.0,0.0,0.0,0.0,0.0,0.0,0.0,0.0,0.0,0.0,0.0
Tea Rose,N/A,N/A,N/A,image,N/A,N/A,N/A,N/A,N/A,N/A,"홍차, 나뭇가지",N/A,N/A,N/A,,"perfume,cosmetic,tea_coffee",notion_manual,,N/A,N/A,0.0,N/A,,0.0,,,0.0,0.0,,N/A,N/A,0.0,0.0,0.0,0.0,0.0,0.0,0.0,0.0,0.0,0.0,0.0,0.0,0.0,0.0,0.0,0.0,0.0,0.0
Tea leaf absolute,N/A,N/A,N/A,N/A,N/A,N/A,N/A,N/A,N/A,N/A,N/A,N/A,N/A,N/A,,N/A,N/A,1287.0,283-519-7,C22H18O11,458.4,"[5,7-dihydroxy-2-(3,4,5-trihydroxyphenyl)-3,4-dihydro-2H-chromen-3-yl] 3,4,5-trihydroxybenzoate",,1.2,,,0.0,0.0,,Restricted,51st (2023),0.037,0.011,0.22,0.21,0.052,0.052,0.052,0.052,0.12,0.42,0.42,0.022,0.4,1.4,1.4,0.8,0.8,0.0
Tetramethyl bicyclo-2-heptene-2-propionaldehyde,N/A,N/A,N/A,N/A,N/A,N/A,N/A,N/A,N/A,N/A,N/A,N/A,N/A,N/A,,N/A,N/A,118112.0,33885-52-8,C14H22O,206.32,"3-(6,6-dimethyl-2-bicyclo[3.1.1]hept-2-enyl)-2,2-dimethylpropanal",,3.1,,,0.0,0.0,,Restricted,51st (2023),0.0014,0.11,0.0014,1.3,0.019,0.0014,0.0014,0.00046,0.0014,0.0041,0.0041,0.00046,0.087,0.0096,0.13,0.00046,0.00046,25.0
Thujone,N/A,N/A,N/A,N/A,N/A,N/A,N/A,N/A,N/A,N/A,N/A,N/A,N/A,N/A,,N/A,N/A,261491.0,546-80-5,C10H16O,152.23,"(1S,4R,5R)-4-methyl-1-propan-2-ylbicyclo[3.1.0]hexan-3-one",,2.3,,,0.0,0.0,,Restricted,51st (2023),0.11,0.21,0.032,1.4,0.095,0.032,0.016,0.0053,0.095,0.24,0.24,0.0053,0.13,0.13,0.22,0.0053,0.0053,9.5
Toluene,N/A,N/A,N/A,N/A,N/A,N/A,N/A,N/A,N/A,N/A,N/A,N/A,N/A,N/A,,N/A,N/A,1140.0,108-88-3,C7H8,92.14,toluene,,2.7,,,0.0,0.0,,Prohibited,51st (2023),0.0,0.0,0.0,0.0,0.0,0.0,0.0,0.0,0.0,0.0,0.0,0.0,0.0,0.0,0.0,0.0,0.0,0.0
Tonka Nut,Dipteryx odorata,base,Balsamic,"image,nutty,powdery",N/A,Coumarin,"베네수엘라, 브라질",용제추출법,"오일리, 파우더리, 발삼, 아몬드",N/A,"시원하고 바람부는 근데 포근해. 부드러워 | 시원한 갈대밭 카페. 가을 쌀쌀한. | 다양한 향이 나는데, 나무 냄새. 코 박고 맡은 나무 냄새. 근데 파우더리하고, 안 단데 주변 때문에 달게(?) 느껴짐.",N/A,N/A,🌗,3.0,"perfume,food,cosmetic",notion_manual,323.0,91-64-5,C9H6O2,146.14,chromen-2-one,,1.4,,,0.0,0.0,,N/A,N/A,0.0,0.0,0.0,0.0,0.0,0.0,0.0,0.0,0.0,0.0,0.0,0.0,0.0,0.0,0.0,0.0,0.0,0.0
Treemoss extracts,N/A,N/A,N/A,N/A,N/A,N/A,N/A,N/A,N/A,N/A,N/A,N/A,N/A,N/A,,N/A,N/A,,N/A,N/A,0.0,N/A,,0.0,,,0.0,0.0,,Restricted,51st (2023),0.02,0.016,0.1,0.1,0.076,0.076,0.076,0.076,0.18,0.1,0.1,0.032,0.1,0.1,0.1,0.1,0.1,0.0
Tuberosa,Polianthes tuberosa,base,Floral,"creamy,heavy,image,powdery",N/A,N/A,"남프랑스, 이탈리아, 모로코",냉침법,"스윗, 화려함, 화이트 플로럴",N/A,코 깊숙히 짠 내가 들어옴. 분명히 어디서 맡아봤어. ((헤어스프레이? 엄마. 미용실.. 이런 게 떠오르는데 그게 뭔지 모르겠다)). 특색 있음. Fecal. | 주황 해열제. 감기 시럽약. 미역 짠 내. | 하루 지나고 맡은 잔향은 엄마가 뿌리는 내가 싫어하는 헤어 스프레이 냄새.,N/A,N/A,🌘,2.0,"perfume,cosmetic",notion_manual,,N/A,N/A,0.0,N/A,,0.0,,,0.0,0.0,,N/A,N/A,0.0,0.0,0.0,0.0,0.0,0.0,0.0,0.0,0.0,0.0,0.0,0.0,0.0,0.0,0.0,0.0,0.0,0.0
Tulip,N/A,N/A,N/A,image,N/A,N/A,N/A,N/A,N/A,N/A,N/A,N/A,N/A,N/A,,"perfume,cosmetic",notion_manual,60822.0,134523-03-8,C66H68CaF2N4O10,1155.3,"calcium bis((3R,5R)-7-[2-(4-fluorophenyl)-3-phenyl-4-(phenylcarbamoyl)-5-propan-2-ylpyrrol-1-yl]-3,5-dihydroxyheptanoate)",,0.0,,,0.0,0.0,,N/A,N/A,0.0,0.0,0.0,0.0,0.0,0.0,0.0,0.0,0.0,0.0,0.0,0.0,0.0,0.0,0.0,0.0,0.0,0.0
Vanilla,Vanilla plantifolia,base,Balsamic,image,N/A,"Ethyl vanillin, Vanillin",중앙 아메리카 멕시코,용제추출법,"스윗, 발삼, 우디, 파우더리",N/A,엑스트라 바닐라 디저트 만들 때 | 엄청 달고 부드러운 바닐라 아이스크림 녹은 거 근데 바닐라 액스트라 모르고 2방울 더 들어감 | 단 바닐라 아이스크림,N/A,N/A,🌗,3.0,"perfume,food,cosmetic,home_scent",notion_manual,8467.0,121-32-4,C9H10O3,166.17,3-ethoxy-4-hydroxybenzaldehyde,,1.6,,,0.0,0.0,,N/A,N/A,0.0,0.0,0.0,0.0,0.0,0.0,0.0,0.0,0.0,0.0,0.0,0.0,0.0,0.0,0.0,0.0,0.0,0.0
Verbena,N/A,N/A,N/A,image,N/A,N/A,N/A,N/A,N/A,N/A,대추. 생강,N/A,N/A,🌖,4.0,"perfume,cosmetic,tea_coffee",notion_manual,,N/A,N/A,0.0,N/A,,0.0,,,0.0,0.0,,N/A,N/A,0.0,0.0,0.0,0.0,0.0,0.0,0.0,0.0,0.0,0.0,0.0,0.0,0.0,0.0,0.0,0.0,0.0,0.0
Verbena oil and absolute (Lippia citriodora Kunth.),N/A,N/A,N/A,N/A,N/A,N/A,N/A,N/A,N/A,N/A,N/A,N/A,N/A,N/A,,N/A,N/A,,N/A,N/A,0.0,N/A,,0.0,,,0.0,0.0,,Prohibited,51st (2023),0.12,0.037,0.74,0.69,0.17,0.17,0.17,0.17,0.4,1.4,1.4,0.072,1.3,4.8,4.8,2.7,2.7,0.0
Vetiver,vetiveria zizanoides Stapf.,base,Woody,"dry,earthy,image,powdery",N/A,"Vetiverol, Vetierone, Vetivene",인도,증류법,"얼시, 드라이, 우디",N/A,향긋. Animalic함. | Amber 같음. | Earthy | 고무?. earthy. animalic. | 향긋한데 후에 woody함. balsamic한,N/A,N/A,🌘,2.0,"perfume,cosmetic,pharmaceutical",notion_manual,101549.0,201-949-5,C15H24O,220.35,"4,8-dimethyl-2-propan-2-ylidene-3,3a,4,5,6,8a-hexahydro-1H-azulen-6-ol",,3.0,,,0.0,0.0,,N/A,N/A,0.0,0.0,0.0,0.0,0.0,0.0,0.0,0.0,0.0,0.0,0.0,0.0,0.0,0.0,0.0,0.0,0.0,0.0
Violet Leaves,Viola odorata,middle,Floral,"green,,image",N/A,Ionone,"한국, 이탈리아, 남프랑스","온침법, 용제추출법","그린감, 우디 플로럴",N/A,"Green, Woody, Earthy | 진하고. 별로. | 걍 바이올렉 잎 같음 . 파우더리. 많이 맡아존 화장실 탈취제. | 강하고, 파우더리. 그린. earhy. amber처럼 animal.",N/A,N/A,🌘,2.0,"perfume,cosmetic",notion_manual,24680.0,232-396-8,C13H20O,192.3,"4-(2,6,6-trimethylcyclohex-2-en-1-yl)but-3-en-2-one",,3.0,,,0.0,0.0,,N/A,N/A,0.0,0.0,0.0,0.0,0.0,0.0,0.0,0.0,0.0,0.0,0.0,0.0,0.0,0.0,0.0,0.0,0.0,0.0
White Musk,N/A,base,Animal,image,N/A,N/A,N/A,조합향료,"중석적 섹시함, 머스키, 시트러스",N/A,시원. 겨울에 빨래 널고 새벽에 나간 느낌? | 향취가 강하지 않음. 무색무취까지는 아닌데 암튼 그런 느낌.약간 비누 세제 같기도. 약간 시다.,N/A,"| 🌇 | Musk | Vs | White Musk | MuskN/A Animal. 굉장히 아래 묵직하게 깔려있음. 퍼지지 않음. 가라앉아있음. | White muskN/A 좀 더 위로 튄다. 좀 더 바디감이 위로 올라와있고, 그래서인지 약간 juicy. 얘도 발향이 많이 되는 편은 아니나 musk에 비하면 좀 더 나음.",🌗,3.0,"perfume,cosmetic,fabric",notion_manual,,N/A,N/A,0.0,N/A,,0.0,,,0.0,0.0,,N/A,N/A,0.0,0.0,0.0,0.0,0.0,0.0,0.0,0.0,0.0,0.0,0.0,0.0,0.0,0.0,0.0,0.0,0.0,0.0
Woody furan,N/A,N/A,N/A,N/A,N/A,N/A,N/A,N/A,N/A,N/A,N/A,N/A,N/A,N/A,,N/A,N/A,57357974.0,440-030-5,C17H30O,250.4,"2,6,6,7,8,8-hexamethyl-3,3a,4,5,5a,7,8a,8b-octahydro-2H-cyclopenta[g][1]benzofuran",,5.1,,,0.0,0.0,,Restricted,51st (2023),0.17,0.05,1.0,0.94,0.24,0.24,0.24,0.08,0.56,1.9,1.9,0.08,1.8,4.1,6.6,0.08,0.08,0.0
Ylang Ylang,Cananga odorata var. genuina,middle,Floral,image,N/A,Isoeugenol,"인도네시아, 필리핀 제도",증류법,이국적이고 나르코틱한 플로럴,N/A,화끈화끈. 약. 강함 | 화히다. | ㅓㅁ청난 변조제 역할.,N/A,"| 💹 | Jasmin | VS | ⛵ | Ylang Ylang | JasminN/A 파우더리함. 포근함. 잔잔..하게 퍼져있는. Top과 가까움. Sweet. | Ylang YlangN/A 좀 더 화(뜨겁?)하고, 좀 더 코에 잘 욱여넣는(수직적으로 분사? 분출?). 좀 더 세기가 강함. 더 Heavy. Animal.",🌗,3.0,"perfume,cosmetic,pharmaceutical",notion_manual,853433.0,97-54-1,C10H12O2,164.2,2-methoxy-4-[(E)-prop-1-enyl]phenol,,2.6,,,0.0,0.0,,N/A,N/A,0.0,0.0,0.0,0.0,0.0,0.0,0.0,0.0,0.0,0.0,0.0,0.0,0.0,0.0,0.0,0.0,0.0,0.0
Ylang ylang extracts,N/A,N/A,N/A,N/A,N/A,N/A,N/A,N/A,N/A,N/A,N/A,N/A,N/A,N/A,,N/A,N/A,,N/A,N/A,0.0,N/A,,0.0,,,0.0,0.0,,Restricted,51st (2023),0.13,0.039,0.78,0.73,0.18,0.18,0.18,0.18,0.43,1.5,1.5,0.077,1.4,5.1,5.1,2.8,2.8,0.0
"alpha,2,2,3-Tetramethylcyclopent-3-ene-1-butyraldehyde",N/A,N/A,N/A,N/A,N/A,N/A,N/A,N/A,N/A,N/A,N/A,N/A,N/A,N/A,,N/A,N/A,6455034.0,65114-03-6,C13H22O,194.31,"2-methyl-4-(2,2,3-trimethylcyclopent-3-en-1-yl)butanal",,3.3,,,0.0,0.0,,Restricted,51st (2023),0.038,0.011,0.23,0.21,0.054,0.054,0.054,0.054,0.13,0.44,0.44,0.023,0.42,1.5,1.5,0.83,0.83,0.0
alpha-Amyl cinnamic alcohol,N/A,N/A,N/A,N/A,N/A,N/A,N/A,N/A,N/A,N/A,N/A,N/A,N/A,N/A,,N/A,N/A,6076971.0,101-85-9,C14H20O,204.31,(2Z)-2-benzylideneheptan-1-ol,,4.4,,,0.0,0.0,,Restricted,51st (2023),0.27,0.08,0.64,1.5,0.38,0.32,0.38,0.11,0.32,0.64,0.64,0.11,1.6,1.6,3.5,0.11,0.11,79.0
alpha-Amyl cinnamic aldehyde,N/A,N/A,N/A,N/A,N/A,N/A,N/A,N/A,N/A,N/A,N/A,N/A,N/A,N/A,,N/A,N/A,31209.0,122-40-7,C14H18O,202.29,2-benzylideneheptanal,,4.2,,,0.0,0.0,,Restricted,51st (2023),0.58,0.53,0.26,7.0,2.5,0.32,0.45,0.11,0.064,0.26,0.26,0.11,1.5,1.5,3.5,0.11,0.11,0.0
alpha-Amylcinnamicaldehyde diethyl acetal,N/A,N/A,N/A,N/A,N/A,N/A,N/A,N/A,N/A,N/A,N/A,N/A,N/A,N/A,,N/A,N/A,5875676.0,60763-41-9,C18H28O2,276.4,[(E)-2-(diethoxymethyl)hept-1-enyl]benzene,,5.6,,,0.0,0.0,,Restricted,51st (2023),0.063,0.019,0.38,0.35,0.089,0.089,0.089,0.089,0.21,0.72,0.72,0.037,0.69,2.5,2.5,1.4,1.4,0.0
alpha-Amylcinnamicaldehyde dimethyl acetal,N/A,N/A,N/A,N/A,N/A,N/A,N/A,N/A,N/A,N/A,N/A,N/A,N/A,N/A,,N/A,N/A,6005821.0,91-87-2,C16H24O2,248.36,[(E)-2-(dimethoxymethyl)hept-1-enyl]benzene,,4.9,,,0.0,0.0,,Restricted,51st (2023),0.063,0.019,0.38,0.35,0.089,0.089,0.089,0.089,0.21,0.72,0.72,0.037,0.69,2.5,2.5,1.4,1.4,0.0
alpha-Bisabolol,N/A,N/A,N/A,N/A,N/A,N/A,N/A,N/A,N/A,N/A,N/A,N/A,N/A,N/A,,N/A,N/A,1549992.0,515-69-5,C15H26O,222.37,(2R)-6-methyl-2-[(1R)-4-methylcyclohex-3-en-1-yl]hept-5-en-2-ol,,3.8,,,0.0,0.0,,Restricted,51st (2023),0.42,0.13,2.5,2.4,0.6,0.6,0.6,0.2,1.4,3.0,3.0,0.2,4.6,4.6,17.0,0.2,0.2,0.0
alpha-Butylcinnamaldehyde,N/A,N/A,N/A,N/A,N/A,N/A,N/A,N/A,N/A,N/A,N/A,N/A,N/A,N/A,,N/A,N/A,5385520.0,7492-44-6,C13H16O,188.26,(2E)-2-benzylidenehexanal,,3.7,,,0.0,0.0,,Restricted,51st (2023),0.077,0.023,0.46,0.43,0.11,0.11,0.11,0.036,0.25,0.88,0.88,0.036,0.84,0.84,3.0,0.036,0.036,0.0
alpha-Cyclohexylidene benzeneacetonitrile,N/A,N/A,N/A,N/A,N/A,N/A,N/A,N/A,N/A,N/A,N/A,N/A,N/A,N/A,,N/A,N/A,66327.0,10461-98-0,C14H15N,197.27,2-cyclohexylidene-2-phenylacetonitrile,,3.6,,,0.0,0.0,,Restricted,51st (2023),0.052,0.027,0.47,0.52,0.13,0.13,0.13,0.043,0.052,0.94,0.94,0.043,1.0,2.9,3.6,0.043,0.043,0.0
alpha-Hexyl cinnamic aldehyde,N/A,N/A,N/A,N/A,N/A,N/A,N/A,N/A,N/A,N/A,N/A,N/A,N/A,N/A,,N/A,N/A,1550884.0,101-86-0,C15H20O,216.32,(2E)-2-benzylideneoctanal,,4.8,,,0.0,0.0,,Restricted,51st (2023),1.8,0.53,11.0,9.9,2.5,2.5,2.5,2.5,5.8,20.0,20.0,1.0,19.0,69.0,69.0,38.0,38.0,0.0
alpha-Hexylidene cyclopentanone,N/A,N/A,N/A,N/A,N/A,N/A,N/A,N/A,N/A,N/A,N/A,N/A,N/A,N/A,,N/A,N/A,6385721.0,17373-89-6,C11H18O,166.26,(2E)-2-hexylidenecyclopentan-1-one,,3.3,,,0.0,0.0,,Restricted,51st (2023),0.023,0.0069,0.14,0.13,0.033,0.033,0.033,0.033,0.076,0.26,0.26,0.014,0.25,0.9,0.9,0.5,0.5,0.0
alpha-Methyl cinnamic aldehyde,N/A,N/A,N/A,N/A,N/A,N/A,N/A,N/A,N/A,N/A,N/A,N/A,N/A,N/A,,N/A,N/A,5372813.0,N/A,C10H10O,146.19,(E)-2-methyl-3-phenylprop-2-enal,,2.2,,,0.0,0.0,,Restricted,51st (2023),0.27,0.08,1.6,1.5,0.38,0.38,0.38,0.38,0.88,3.1,3.1,0.16,2.9,11.0,11.0,5.8,5.8,0.0
"alpha-Methyl-1,3-benzodioxole-5-propionaldehyde (MMDHCA)",N/A,N/A,N/A,N/A,N/A,N/A,N/A,N/A,N/A,N/A,N/A,N/A,N/A,N/A,,N/A,N/A,64805.0,1205-17-0,C11H12O3,192.21,"3-(1,3-benzodioxol-5-yl)-2-methylpropanal",,2.2,,,0.0,0.0,,Restricted,51st (2023),0.12,0.25,0.039,2.6,0.39,0.077,0.077,0.026,0.62,0.077,0.077,0.026,0.15,0.15,0.62,0.026,0.026,12.0
"cis,trans-4-(Isopropyl)cyclohexanemethanol",N/A,N/A,N/A,N/A,N/A,N/A,N/A,N/A,N/A,N/A,N/A,N/A,N/A,N/A,,N/A,N/A,83763.0,5502-75-0,C10H20O,156.26,(4-propan-2-ylcyclohexyl)methanol,,3.0,,,0.0,0.0,,Restricted,51st (2023),0.25,0.39,0.099,4.7,1.2,0.15,0.2,0.049,0.0099,0.13,0.13,0.049,0.39,0.39,1.1,0.049,0.049,28.0
cis-3-Heptenyl acetate,N/A,N/A,N/A,N/A,N/A,N/A,N/A,N/A,N/A,N/A,N/A,N/A,N/A,N/A,,N/A,N/A,21159742.0,1576-78-9,C9H16O2,156.22,[(Z)-hept-3-enyl] acetate,,2.4,,,0.0,0.0,,Restricted,51st (2023),0.077,0.023,0.46,0.43,0.11,0.11,0.11,0.037,0.25,0.88,0.88,0.037,0.84,3.0,3.0,0.037,0.037,0.0
cis-3-Hexenyl isovalerate,N/A,N/A,N/A,N/A,N/A,N/A,N/A,N/A,N/A,N/A,N/A,N/A,N/A,N/A,,N/A,N/A,5367681.0,35154-45-1,C11H20O2,184.27,[(Z)-hex-3-enyl] 3-methylbutanoate,,3.2,,,0.0,0.0,,Restricted,51st (2023),0.077,0.023,0.46,0.43,0.11,0.11,0.11,0.037,0.25,0.88,0.88,0.037,0.84,1.8,3.0,0.037,0.037,0.0
cis-3-Hexenyl methyl carbonate,N/A,N/A,N/A,N/A,N/A,N/A,N/A,N/A,N/A,N/A,N/A,N/A,N/A,N/A,,N/A,N/A,5365699.0,67633-96-9,C8H14O3,158.19,[(Z)-hex-3-enyl] methyl carbonate,,2.3,,,0.0,0.0,,Restricted,51st (2023),0.1,0.03,0.6,0.56,0.14,0.14,0.14,0.047,0.33,1.1,1.1,0.047,1.1,3.9,3.9,0.047,0.047,0.0
cis-3-Nonenyl acetate,N/A,N/A,N/A,N/A,N/A,N/A,N/A,N/A,N/A,N/A,N/A,N/A,N/A,N/A,,N/A,N/A,71586960.0,13049-88-2,C11H20O2,184.27,[(Z)-non-3-enyl] acetate,,3.5,,,0.0,0.0,,Restricted,51st (2023),0.077,0.023,0.46,0.43,0.11,0.11,0.11,0.037,0.25,0.88,0.88,0.037,0.84,3.0,3.0,0.037,0.037,0.0
cis-and trans-Asarone,N/A,N/A,N/A,N/A,N/A,N/A,N/A,N/A,N/A,N/A,N/A,N/A,N/A,N/A,,N/A,N/A,17903.0,494-40-6,C12H16O3,208.25,"1,2,4-trimethoxy-5-prop-1-enylbenzene",,3.0,,,0.0,0.0,,Prohibited,51st (2023),0.0,0.0,0.0,0.0,0.0,0.0,0.0,0.0,0.0,0.0,0.0,0.0,0.0,0.0,0.0,0.0,0.0,0.0
"o,m,p-Tolualdehydes and their mixtures",N/A,N/A,N/A,N/A,N/A,N/A,N/A,N/A,N/A,N/A,N/A,N/A,N/A,N/A,,N/A,N/A,10722.0,529-20-4,C8H8O,120.15,2-methylbenzaldehyde,,2.1,,,0.0,0.0,,Restricted,51st (2023),0.085,0.025,0.51,0.47,0.12,0.12,0.12,0.12,0.28,0.96,0.96,0.05,0.92,3.3,3.3,1.8,1.8,0.0
o-Methoxycinnamaldehyde,N/A,N/A,N/A,N/A,N/A,N/A,N/A,N/A,N/A,N/A,N/A,N/A,N/A,N/A,,N/A,N/A,641298.0,1504-74-1,C10H10O2,162.18,(E)-3-(2-methoxyphenyl)prop-2-enal,,1.7,,,0.0,0.0,,Restricted,51st (2023),0.077,0.023,0.46,0.43,0.11,0.11,0.11,0.11,0.25,0.88,0.88,0.045,0.84,3.0,3.0,1.7,1.7,0.0
p-Cresol,N/A,N/A,N/A,N/A,N/A,N/A,N/A,N/A,N/A,N/A,N/A,N/A,N/A,N/A,,N/A,N/A,2879.0,106-44-5,C7H8O,108.14,4-methylphenol,,1.9,,,0.0,0.0,,Restricted,51st (2023),0.005,0.005,0.005,0.005,0.005,0.005,0.005,0.0017,0.005,0.005,0.005,0.0017,0.005,0.005,0.005,0.0017,0.0017,0.0
p-Ethylbenzaldehyde,N/A,N/A,N/A,N/A,N/A,N/A,N/A,N/A,N/A,N/A,N/A,N/A,N/A,N/A,,N/A,N/A,20861.0,4748-78-1,C9H10O,134.17,4-ethylbenzaldehyde,,2.4,,,0.0,0.0,,Restricted,51st (2023),0.085,0.025,0.51,0.47,0.12,0.12,0.12,0.04,0.28,0.96,0.96,0.04,0.92,0.92,3.3,0.04,0.04,0.0
p-Isobutyl-alpha-methyl hydrocinnamaldehyde,N/A,N/A,N/A,N/A,N/A,N/A,N/A,N/A,N/A,N/A,N/A,N/A,N/A,N/A,,N/A,N/A,110914.0,6658-48-6,C14H20O,204.31,2-methyl-3-[4-(2-methylpropyl)phenyl]propanal,,3.8,,,0.0,0.0,,Restricted,51st (2023),0.08,0.053,0.8,0.99,0.25,0.25,0.25,0.083,0.08,0.72,0.72,0.083,1.9,1.9,5.4,0.083,0.083,0.0
p-Isopropylbenzyl alcohol,N/A,N/A,N/A,N/A,N/A,N/A,N/A,N/A,N/A,N/A,N/A,N/A,N/A,N/A,,N/A,N/A,325.0,536-60-7,C10H14O,150.22,(4-propan-2-ylphenyl)methanol,,2.3,,,0.0,0.0,,Restricted,51st (2023),0.45,0.14,0.4,2.5,0.64,0.64,0.64,0.21,1.5,0.8,0.8,0.21,2.0,2.0,4.8,0.21,0.21,0.0
p-Methoxybenzaldehyde,N/A,N/A,N/A,N/A,N/A,N/A,N/A,N/A,N/A,N/A,N/A,N/A,N/A,N/A,,N/A,N/A,31244.0,123-11-5,C8H8O2,136.15,4-methoxybenzaldehyde,,1.8,,,0.0,0.0,,Restricted,51st (2023),0.23,0.0,0.14,1.4,0.38,0.093,0.14,0.031,0.047,0.14,0.14,0.031,0.42,0.19,1.1,0.031,0.031,31.0
p-Methylhydrocinnamic aldehyde,N/A,N/A,N/A,N/A,N/A,N/A,N/A,N/A,N/A,N/A,N/A,N/A,N/A,N/A,,N/A,N/A,64812.0,5406-12-2,C10H12O,148.2,3-(4-methylphenyl)propanal,,2.0,,,0.0,0.0,,Prohibited,51st (2023),0.0,0.0,0.0,0.0,0.0,0.0,0.0,0.0,0.0,0.0,0.0,0.0,0.0,0.0,0.0,0.0,0.0,0.0
p-Methyltetrahydroquinoline,N/A,N/A,N/A,N/A,N/A,N/A,N/A,N/A,N/A,N/A,N/A,N/A,N/A,N/A,,N/A,N/A,66678.0,91-61-2,C10H13N,147.22,"6-methyl-1,2,3,4-tetrahydroquinoline",,2.7,,,0.0,0.0,,No Restriction,51st (2023),0.0,0.0,0.0,0.0,0.0,0.0,0.0,0.0,0.0,0.0,0.0,0.0,0.0,0.0,0.0,0.0,0.0,0.0
p-Tolyl alcohol,N/A,N/A,N/A,N/A,N/A,N/A,N/A,N/A,N/A,N/A,N/A,N/A,N/A,N/A,,N/A,N/A,11505.0,589-18-4,C8H10O,122.16,(4-methylphenyl)methanol,,1.6,,,0.0,0.0,,Restricted,51st (2023),0.048,0.048,0.048,1.5,0.64,0.048,0.048,0.016,0.048,0.048,0.048,0.016,0.53,0.53,0.048,0.016,0.016,0.0
p-tert-Butyl-α-methylhydrocinnamic aldehyde (p-BMHCA),N/A,N/A,N/A,N/A,N/A,N/A,N/A,N/A,N/A,N/A,N/A,N/A,N/A,N/A,,N/A,N/A,228987.0,80-54-6,C14H20O,204.31,3-(4-tert-butylphenyl)-2-methylpropanal,,3.9,,,0.0,0.0,,Prohibited,51st (2023),0.0,0.09,0.04,1.4,0.06,0.05,0.05,0.017,0.0,0.04,0.04,0.017,0.1,0.1,0.63,0.017,0.017,16.0
p-tert-Butyldihydrocinnamaldehyde,N/A,N/A,N/A,N/A,N/A,N/A,N/A,N/A,N/A,N/A,N/A,N/A,N/A,N/A,,N/A,N/A,64832.0,18127-01-0,C13H18O,190.28,3-(4-tert-butylphenyl)propanal,,3.3,,,0.0,0.0,,Restricted,51st (2023),0.0041,0.025,0.025,0.47,0.12,0.029,0.037,0.0096,0.087,0.029,0.029,0.0096,0.099,0.099,0.24,0.0096,0.0096,6.9
p-tert-Butylphenol,N/A,N/A,N/A,N/A,N/A,N/A,N/A,N/A,N/A,N/A,N/A,N/A,N/A,N/A,,N/A,N/A,7393.0,98-54-4,C10H14O,150.22,4-tert-butylphenol,,3.3,,,0.0,0.0,,Prohibited,51st (2023),0.0,0.0,0.0,0.0,0.0,0.0,0.0,0.0,0.0,0.0,0.0,0.0,0.0,0.0,0.0,0.0,0.0,0.0
trans-2-Heptenal,N/A,N/A,N/A,N/A,N/A,N/A,N/A,N/A,N/A,N/A,N/A,N/A,N/A,N/A,,N/A,N/A,5283316.0,2463-63-0,C7H12O,112.17,(E)-hept-2-enal,,2.1,,,0.0,0.0,,Prohibited,51st (2023),0.0,0.0,0.0,0.0,0.0,0.0,0.0,0.0,0.0,0.0,0.0,0.0,0.0,0.0,0.0,0.0,0.0,0.0
trans-2-Hexenal diethyl acetal,N/A,N/A,N/A,N/A,N/A,N/A,N/A,N/A,N/A,N/A,N/A,N/A,N/A,N/A,,N/A,N/A,5365137.0,67746-30-9,C10H20O2,172.26,"(E)-1,1-diethoxyhex-2-ene",,2.6,,,0.0,0.0,,Prohibited,51st (2023),0.0,0.0,0.0,0.0,0.0,0.0,0.0,0.0,0.0,0.0,0.0,0.0,0.0,0.0,0.0,0.0,0.0,0.0
trans-2-Hexenal dimethyl acetal,N/A,N/A,N/A,N/A,N/A,N/A,N/A,N/A,N/A,N/A,N/A,N/A,N/A,N/A,,N/A,N/A,6436486.0,18318-83-7,C8H16O2,144.21,"(E)-1,1-dimethoxyhex-2-ene",,1.9,,,0.0,0.0,,Prohibited,51st (2023),0.0,0.0,0.0,0.0,0.0,0.0,0.0,0.0,0.0,0.0,0.0,0.0,0.0,0.0,0.0,0.0,0.0,0.0
α-Methyl anisylidene acetone,N/A,N/A,N/A,N/A,N/A,N/A,N/A,N/A,N/A,N/A,N/A,N/A,N/A,N/A,,N/A,N/A,5803450.0,104-27-8,C12H14O2,190.24,(E)-1-(4-methoxyphenyl)pent-1-en-3-one,,2.5,,,0.0,0.0,,Prohibited,51st (2023),0.0,0.0,0.0,0.0,0.0,0.0,0.0,0.0,0.0,0.0,0.0,0.0,0.0,0.0,0.0,0.0,0.0,0.0
